Round,Wk,Day,Date,Time,Home,Score,Away,Attendance,Venue,Referee,Match Report,Notes,,
Regular Season,1,Sat,3/9/2024,14:00 (16:00),New Mexico Utd,,Pittsburgh,,Isotopes Park,,Match Report,,,
Regular Season,1,Sat,3/9/2024,15:00 (16:00),Memphis,,LV Lights FC,,AutoZone Park,,Match Report,,,
Regular Season,1,Sat,3/9/2024,19:00 (22:00),Roots,,Indy Eleven,,Pioneer Stadium,,Match Report,,,
Regular Season,1,Sat,3/9/2024,19:00,Miami FC,,CS Switchbacks,,South Dade Kia Field at Pitbull Stadium,Sergii Demianchuk,Match Report,,,
Regular Season,1,Sat,3/9/2024,19:00 (22:00),Sac Republic,,Orange County,,Heart Health Park,,Match Report,,,
Regular Season,1,Sat,3/9/2024,19:00,North Carolina,,Charleston,,Sahlen's Stadium at WakeMed Soccer Park,,Match Report,,,
Regular Season,1,Sat,3/9/2024,19:30 (20:30),San Antonio,,Loudoun Utd,,Toyota Field,,Match Report,,,
Regular Season,1,Sat,3/9/2024,19:30 (21:30),Phx Rising,,B'ham Legion,,Wild Horse Pass Stadium,,Match Report,,,
Regular Season,1,Sat,3/9/2024,20:00 (21:00),El Paso,,Hartford,,Southwest University Park,,Match Report,,,
,,,,,,,,,,,,,,
Regular Season,,Wed,3/13/2024,20:00 (21:00),El Paso,,Monterey Bay,,Southwest University Park,Brad Jensen,Match Report,,,
Regular Season,2,Sat,3/16/2024,14:00 (15:00),El Paso,,Louisville City,,Southwest University Park,,Match Report,,,
Regular Season,2,Sat,3/16/2024,15:00 (16:00),Memphis,,Indy Eleven,,AutoZone Park,,Match Report,,,
Regular Season,2,Sat,3/16/2024,16:00,Loudoun Utd,,North Carolina,,Segra Field,,Match Report,,,
Regular Season,2,Sat,3/16/2024,16:00,Rhode Island FC,,New Mexico Utd,,Beirne Stadium,,Match Report,,,
Regular Season,2,Sat,3/16/2024,19:00,Pittsburgh,,Orange County,,Highmark Stadium,,Match Report,,,
Regular Season,2,Sat,3/16/2024,19:00,Miami FC,,Sac Republic,,South Dade Kia Field at Pitbull Stadium,Elton Garcia,Match Report,,,
Regular Season,2,Sat,3/16/2024,19:30,TB Rowdies,,San Antonio,,Al Lang Stadium,,Match Report,,,
Regular Season,2,Sat,3/16/2024,17:00 (20:00),LV Lights FC,,FC Tulsa,,Cashman Field,,Match Report,,,
Regular Season,2,Sat,3/16/2024,18:00 (20:00),CS Switchbacks,,Detroit City,,Weidner Field,,Match Report,,,
Round,Wk,Day,Date,Time,Home,,Away,,Venue,Referee,Match Report,,,Notes
Regular Season,2,Sat,3/16/2024,19:00 (22:00),Roots,,Charleston,,Pioneer Stadium,,Match Report,,,
Regular Season,2,Sat,3/16/2024,19:00 (22:00),Monterey Bay,,Phx Rising,,Cardinale Stadium,Calin Radosav,Match Report,,,
,,,,,,,,,,,,,,
Regular Season,3,Sat,3/23/2024,14:00,Hartford,,B'ham Legion,,Trinity Health Stadium,Greg Dopka,Match Report,,,
Regular Season,3,Sat,3/23/2024,16:00,Louisville City,,Pittsburgh,,Lynn Family Stadium,,Match Report,,,
Regular Season,3,Sat,3/23/2024,16:00,Detroit City,,Loudoun Utd,,Keyworth Stadium,,Match Report,,,
Regular Season,3,Sat,3/23/2024,19:00,North Carolina,,TB Rowdies,,Sahlen's Stadium at WakeMed Soccer Park,,Match Report,,,
Regular Season,3,Sat,3/23/2024,19:00,Indy Eleven,,Sac Republic,,Michael A. Carroll Stadium,,Match Report,,,
Regular Season,3,Sat,3/23/2024,19:30,Charleston,,New Mexico Utd,,Patriots Point Soccer Complex,,Match Report,,,
Regular Season,3,Sun,3/24/2024,15:00 (18:00),Monterey Bay,,Rhode Island FC,,Cardinale Stadium,,Match Report,,,
Regular Season,3,Sat,3/23/2024,17:00 (20:00),LV Lights FC,,El Paso,,Cashman Field,,Match Report,,,
Regular Season,3,Sat,3/23/2024,19:00 (22:00),Orange County,,Miami FC,,Orange Country Great Park Championship S...,,Match Report,,,
Regular Season,3,Sat,3/23/2024,19:00 (22:00),Phx Rising,,Roots,,Wild Horse Pass Stadium,,Match Report,,,
Regular Season,3,Sat,3/23/2024,19:30 (20:30),San Antonio,,CS Switchbacks,,Toyota Field,,Match Report,,,
,,,,,,,,,,,,,,
Regular Season,4,Fri,3/29/2024,19:00,North Carolina,,Hartford,,Sahlen's Stadium at WakeMed Soccer Park,,Match Report,,,
Regular Season,4,Sat,3/30/2024,16:00,Louisville City,,B'ham Legion,,Lynn Family Stadium,,Match Report,,,
Regular Season,4,Sat,3/30/2024,19:00,Indy Eleven,,Detroit City,,Michael A. Carroll Stadium,,Match Report,,,
Regular Season,4,Sat,3/30/2024,19:00,Miami FC,,Charleston,,South Dade Kia Field at Pitbull Stadium,Adam Kilpatrick,Match Report,,,
Regular Season,4,Sat,3/30/2024,19:30,TB Rowdies,,Rhode Island FC,,Al Lang Stadium,,Match Report,,,
Round,Wk,Day,Date,Time,Home,,Away,,Venue,Referee,Match Report,,,Notes
Regular Season,4,Sat,3/30/2024,19:00 (22:00),Orange County,,FC Tulsa,,Orange Country Great Park Championship S...,,Match Report,,,
Regular Season,4,Sat,3/30/2024,19:00 (22:00),Roots,,LV Lights FC,,Pioneer Stadium,,Match Report,,,
Regular Season,4,Sat,3/30/2024,19:00 (22:00),Sac Republic,,Memphis,,Heart Health Park,,Match Report,,,
Regular Season,4,Sat,3/30/2024,19:30 (20:30),San Antonio,,Monterey Bay,,Toyota Field,,Match Report,,,
Regular Season,4,Sat,3/30/2024,19:30 (22:30),Phx Rising,,New Mexico Utd,,Wild Horse Pass Stadium,,Match Report,,,
,,,,,,,,,,,,,,
Regular Season,5,Sat,4/6/2024,14:00,Detroit City,,North Carolina,,Keyworth Stadium,,Match Report,,,
Regular Season,5,Sat,4/6/2024,14:00,Hartford,,Miami FC,,Trinity Health Stadium,,Match Report,,,
Regular Season,5,Sat,4/6/2024,15:00 (16:00),Memphis,,Orange County,,AutoZone Park,,Match Report,,,
Regular Season,5,Sat,4/6/2024,16:00,Louisville City,,Indy Eleven,,Lynn Family Stadium,,Match Report,,,
Regular Season,5,Sat,4/6/2024,19:00,Pittsburgh,,TB Rowdies,,Highmark Stadium,,Match Report,,,
Regular Season,5,Fri,4/5/2024,19:30 (20:30),FC Tulsa,,Phx Rising,,ONEOK Field,Mathew Corrigan,Match Report,,,
Regular Season,5,Sat,4/6/2024,19:30,Rhode Island FC,,Charleston,,Beirne Stadium,,Match Report,,,
Regular Season,5,Sun,4/7/2024,16:00 (17:00),B'ham Legion,,Loudoun Utd,,Protective Stadium,,Match Report,,,
Regular Season,5,Sat,4/6/2024,18:00 (20:00),CS Switchbacks,,Sac Republic,,Weidner Field,,Match Report,,,
Regular Season,5,Sat,4/6/2024,19:00 (22:00),Roots,,Monterey Bay,,Pioneer Stadium,,Match Report,,,
Regular Season,5,Sat,4/6/2024,19:00 (21:00),New Mexico Utd,,El Paso,,Isotopes Park,,Match Report,,,
Regular Season,5,Sat,4/6/2024,19:30 (22:30),LV Lights FC,,San Antonio,,Cashman Field,,Match Report,,,
,,,,,,,,,,,,,,
Regular Season,,Tue,4/9/2024,19:00,Charleston,,Louisville City,,Patriots Point Soccer Complex,Alexis Da Silva,Match Report,,,
Round,Wk,Day,Date,Time,Home,,Away,,Venue,Referee,Match Report,,,Notes
Regular Season,6,Thu,4/11/2024,19:00,Miami FC,,TB Rowdies,,Riccardo Silva Stadium,,Match Report,,,
Regular Season,6,Sat,4/13/2024,16:00,Loudoun Utd,,Memphis,,Segra Field,Mathew Corrigan,Match Report,,,
Regular Season,6,Sat,4/13/2024,19:00,Indy Eleven,,Charleston,,Michael A. Carroll Stadium,Greg Dopka,Match Report,,,
Regular Season,6,Sat,4/13/2024,19:30,Rhode Island FC,,Pittsburgh,,Beirne Stadium,Olvin Oliva,Match Report,,,
Regular Season,6,Sun,4/14/2024,17:00,North Carolina,,B'ham Legion,,Sahlen's Stadium at WakeMed Soccer Park,Velimir Stefanovic,Match Report,,,
Regular Season,6,Sat,4/13/2024,19:00 (22:00),Sac Republic,,FC Tulsa,,Heart Health Park,Ricardo Fierro,Match Report,,,
Regular Season,6,Sat,4/13/2024,19:00 (22:00),Monterey Bay,,LV Lights FC,,Cardinale Stadium,Elijio Arreguin,Match Report,,,
Regular Season,6,Sat,4/13/2024,19:30 (20:30),San Antonio,,Orange County,,Toyota Field,Natalie Simon,Match Report,,,
Regular Season,6,Sat,4/13/2024,19:30 (22:30),Phx Rising,,CS Switchbacks,,Wild Horse Pass Stadium,Nabil Bensalah,Match Report,,,
Regular Season,6,Sat,4/13/2024,20:00 (21:00),El Paso,,Roots,,Southwest University Park,Sergii Demianchuk,Match Report,,,
,,,,,,,,,,,,,,
Regular Season,7,Sat,4/20/2024,16:00,Loudoun Utd,,Louisville City,,Segra Field,Alyssa Nichols,Match Report,,,
Regular Season,7,Sat,4/20/2024,16:00,Detroit City,,Roots,,Keyworth Stadium,Olvin Oliva,Match Report,,,
Regular Season,7,Sat,4/20/2024,17:00,Hartford,,San Antonio,,Trinity Health Stadium,Jeremy Scheer,Match Report,,,
Regular Season,7,Sat,4/20/2024,17:00 (18:00),FC Tulsa,,Charleston,,ONEOK Field,Kyle Johnston,Match Report,,,
Regular Season,7,Sat,4/20/2024,19:00,Miami FC,,B'ham Legion,,Riccardo Silva Stadium,Lorenzo Hernandez,Match Report,,,
Regular Season,7,Sat,4/20/2024,19:00,North Carolina,,New Mexico Utd,,Sahlen's Stadium at WakeMed Soccer Park,Mathew Corrigan,Match Report,,,
Regular Season,7,Sat,4/20/2024,19:30,TB Rowdies,,El Paso,,Al Lang Stadium,Alex Beehler,Match Report,,,
Regular Season,7,Sat,4/20/2024,17:00 (20:00),LV Lights FC,,Rhode Island FC,,Cashman Field,Ben Meyer,Match Report,,,
Regular Season,7,Sat,4/20/2024,18:00 (20:00),CS Switchbacks,,Indy Eleven,,Weidner Field,Trevor Wiseman,Match Report,,,
Round,Wk,Day,Date,Time,Home,,Away,,Venue,Referee,Match Report,,,Notes
Regular Season,7,Sat,4/20/2024,19:00 (22:00),Orange County,,Sac Republic,,Orange Country Great Park Championship S...,Abdou Ndiaye,Match Report,,,
Regular Season,7,Sat,4/20/2024,19:00 (20:00),Memphis,,Monterey Bay,,AutoZone Park,Muhammad Hassan,Match Report,,,
Regular Season,7,Sat,4/20/2024,19:30 (22:30),Phx Rising,,Pittsburgh,,Wild Horse Pass Stadium,Brad Jensen,Match Report,,,
,,,,,,,,,,,,,,
Regular Season,8,Fri,4/26/2024,19:30,Rhode Island FC,,Phx Rising,,Beirne Stadium,Sergii Demianchuk,Match Report,,,
Regular Season,8,Sat,4/27/2024,16:00,Charleston,,LV Lights FC,,Patriots Point Soccer Complex,Joe Surgan,Match Report,,,
Regular Season,8,Sat,4/27/2024,18:30 (19:30),B'ham Legion,,Memphis,,Protective Stadium,Alejo Calume,Match Report,,,
Regular Season,8,Sat,4/27/2024,19:00,Miami FC,,San Antonio,,South Dade Kia Field at Pitbull Stadium,Nabil Bensalah,Match Report,,,
Regular Season,8,Sat,4/27/2024,19:00,Indy Eleven,,North Carolina,,Michael A. Carroll Stadium,Eric Tattersall,Match Report,,,
Regular Season,8,Sat,4/27/2024,19:00,Pittsburgh,,Detroit City,,Highmark Stadium,Kyle Johnston,Match Report,,,
Regular Season,8,Sat,4/27/2024,19:30,TB Rowdies,,New Mexico Utd,,Al Lang Stadium,Abdou Ndiaye,Match Report,,,
Regular Season,8,Sat,4/27/2024,19:30,Louisville City,,Hartford,,Lynn Family Stadium,Ricardo Fierro,Match Report,,,
Regular Season,8,Sat,4/27/2024,19:00 (22:00),Roots,,CS Switchbacks,,Pioneer Stadium,Alexis Da Silva,Match Report,,,
Regular Season,8,Sat,4/27/2024,19:00 (22:00),Orange County,,Monterey Bay,,Orange Country Great Park Championship S...,DeShun Beard,Match Report,,,
Regular Season,8,Sat,4/27/2024,19:00 (22:00),Sac Republic,,Loudoun Utd,,Heart Health Park,Trevor Wiseman,Match Report,,,
Regular Season,8,Sat,4/27/2024,20:00 (21:00),El Paso,,FC Tulsa,,Southwest University Park,Lorenzo Hernandez,Match Report,,,
,,,,,,,,,,,,,,
Regular Season,9,Sat,5/4/2024,15:00 (16:00),Memphis,,TB Rowdies,,AutoZone Park,Alexis Da Silva,Match Report,,,
Regular Season,9,Sat,5/4/2024,18:30,Charleston,,Hartford,,Patriots Point Soccer Complex,Matthew Thompson,Match Report,,,
Regular Season,9,Sat,5/4/2024,18:30 (19:30),B'ham Legion,,FC Tulsa,,Protective Stadium,Nabil Bensalah,Match Report,,,
Round,Wk,Day,Date,Time,Home,,Away,,Venue,Referee,Match Report,,,Notes
Regular Season,9,Sat,5/4/2024,19:00,North Carolina,,Rhode Island FC,,Sahlen's Stadium at WakeMed Soccer Park,Gerald Flores,Match Report,,,
Regular Season,9,Sat,5/4/2024,19:00,Pittsburgh,,Miami FC,,Highmark Stadium,Brandon Stevis,Match Report,,,
Regular Season,9,Sat,5/4/2024,19:00,Loudoun Utd,,Detroit City,,Segra Field,Lorenzo Hernandez,Match Report,,,
Regular Season,9,Sat,5/4/2024,19:00 (21:00),CS Switchbacks,,El Paso,,Weidner Field,Luis Arroyo,Match Report,,,
Regular Season,9,Sat,5/4/2024,19:00 (22:00),Monterey Bay,,Indy Eleven,,Cardinale Stadium,Corbyn May,Match Report,,,
Regular Season,9,Sat,5/4/2024,19:30 (20:30),San Antonio,,Roots,,Toyota Field,Joshua Encarnacion,Match Report,,,
Regular Season,9,Sat,5/4/2024,19:30 (22:30),LV Lights FC,,New Mexico Utd,,Cashman Field,Brad Jensen,Match Report,,,
Regular Season,9,Sat,5/4/2024,19:30 (22:30),Phx Rising,,Sac Republic,,Wild Horse Pass Stadium,Adam Kilpatrick,Match Report,,,
,,,,,,,,,,,,,,
Regular Season,10,Fri,5/10/2024,19:00,Loudoun Utd,,El Paso,,Segra Field,Velimir Stefanovic,Match Report,,,
Regular Season,10,Sat,5/11/2024,17:00,Detroit City,,Phx Rising,,Keyworth Stadium,Trevor Wiseman,Match Report,,,
Regular Season,10,Sat,5/11/2024,19:00,Hartford,,CS Switchbacks,,Trinity Health Stadium,Lorenzo Hernandez,Match Report,,,
Regular Season,10,Sat,5/11/2024,19:30,Rhode Island FC,,Sac Republic,,Beirne Stadium,Alejo Calume,Match Report,,,
Regular Season,10,Sat,5/11/2024,19:30,TB Rowdies,,B'ham Legion,,Al Lang Stadium,Elton Garcia,Match Report,,,
Regular Season,10,Sat,5/11/2024,19:30,Louisville City,,Orange County,,Lynn Family Stadium,Eric Tattersall,Match Report,,,
Regular Season,10,Sun,5/12/2024,19:00,Miami FC,,Indy Eleven,,Riccardo Silva Stadium,Muhammad Hassan,Match Report,,,
Regular Season,10,Sat,5/11/2024,19:00 (21:00),New Mexico Utd,,Roots,,Isotopes Park,Brandon Stevis,Match Report,,,
Regular Season,10,Sat,5/11/2024,19:00 (22:00),Monterey Bay,,Memphis,,Cardinale Stadium,Kyle Johnston,Match Report,,,
Regular Season,10,Sat,5/11/2024,19:30 (20:30),FC Tulsa,,Pittsburgh,,ONEOK Field,Elijio Arreguin,Match Report,,,
Regular Season,10,Sat,5/11/2024,19:30 (20:30),San Antonio,,LV Lights FC,,Toyota Field,Elvis Osmanovic,Match Report,,,
Round,Wk,Day,Date,Time,Home,,Away,,Venue,Referee,Match Report,,,Notes
,,,,,,,,,,,,,,
Regular Season,,Tue,5/14/2024,19:00,North Carolina,,Loudoun Utd,,Sahlen's Stadium at WakeMed Soccer Park,Jonathan Bilinski,Match Report,,,
Regular Season,,Wed,5/15/2024,19:00 (20:00),B'ham Legion,,Charleston,,Protective Stadium,Jeremy Scheer,Match Report,,,
Regular Season,11,Sat,5/18/2024,19:00,Loudoun Utd,,Monterey Bay,,Segra Field,Thomas Snyder,Match Report,,,
Regular Season,11,Fri,5/17/2024,19:00 (21:00),CS Switchbacks,,Rhode Island FC,,Weidner Field,Greg Dopka,Match Report,,,
Regular Season,11,Sat,5/18/2024,19:00,Indy Eleven,,Hartford,,Michael A. Carroll Stadium,Elton Garcia,Match Report,,,
Regular Season,11,Sat,5/18/2024,19:00,Pittsburgh,,North Carolina,,Highmark Stadium,Natalie Simon,Match Report,,,
Regular Season,11,Sat,5/18/2024,19:30,TB Rowdies,,FC Tulsa,,Al Lang Stadium,Eric Tattersall,Match Report,,,
Regular Season,11,Fri,5/17/2024,20:00 (21:00),El Paso,,Memphis,,Southwest University Park,Abdou Ndiaye,Match Report,,,
Regular Season,11,Sat,5/18/2024,19:00 (22:00),Roots,,Orange County,,Pioneer Stadium,Servando Berna Rico,Match Report,,,
Regular Season,11,Sat,5/18/2024,19:30 (22:30),LV Lights FC,,Louisville City,,Cashman Field,Joshua Encarnacion,Match Report,,,
Regular Season,11,Sat,5/18/2024,19:30 (22:30),Phx Rising,,Miami FC,,Wild Horse Pass Stadium,Mathew Corrigan,Match Report,,,
,,,,,,,,,,,,,,
Regular Season,12,Fri,5/24/2024,19:30,Hartford,,Monterey Bay,,Trinity Health Stadium,Ricardo Montero,Match Report,,,
Regular Season,12,Fri,5/24/2024,19:30,Charleston,,El Paso,,Patriots Point Soccer Complex,Alejo Calume,Match Report,,,
Regular Season,12,Sat,5/25/2024,16:00,Rhode Island FC,,Louisville City,,Beirne Stadium,Jeremy Scheer,Match Report,,,
Regular Season,12,Sat,5/25/2024,19:00,Miami FC,,North Carolina,,Riccardo Silva Stadium,Trevor Wiseman,Match Report,,,
Regular Season,12,Sat,5/25/2024,19:00,Indy Eleven,,Phx Rising,,Michael A. Carroll Stadium,Calin Radosav,Match Report,,,
Regular Season,12,Sat,5/25/2024,19:30,TB Rowdies,,LV Lights FC,,Al Lang Stadium,Sergii Demianchuk,Match Report,,,
Regular Season,12,Fri,5/24/2024,19:30 (20:30),FC Tulsa,,Roots,,ONEOK Field,Muhammad Hassan,Match Report,,,
Round,Wk,Day,Date,Time,Home,,Away,,Venue,Referee,Match Report,,,Notes
Regular Season,12,Sat,5/25/2024,19:00 (21:00),New Mexico Utd,,San Antonio,,Isotopes Park,Matthew Thompson,Match Report,,,
Regular Season,12,Sat,5/25/2024,19:00 (22:00),Orange County,,Loudoun Utd,,Orange Country Great Park Championship S...,Natalie Simon,Match Report,,,
Regular Season,12,Sat,5/25/2024,19:00 (22:00),Sac Republic,,B'ham Legion,,Heart Health Park,Brandon Stevis,Match Report,,,
Regular Season,12,Sat,5/25/2024,19:30 (20:30),Memphis,,Pittsburgh,,AutoZone Park,Velimir Stefanovic,Match Report,,,
,,,,,,,,,,,,,,
Regular Season,,Wed,5/29/2024,19:30,Louisville City,,Detroit City,,Lynn Family Stadium,Mathew Corrigan,Match Report,,,
Regular Season,,Wed,5/29/2024,19:00 (22:00),Monterey Bay,,Charleston,,Cardinale Stadium,Elvis Osmanovic,Match Report,,,
Regular Season,13,Sat,6/1/2024,19:00,Miami FC,,Louisville City,,South Dade Kia Field at Pitbull Stadium,Alejo Calume,Match Report,,,
Regular Season,13,Sat,6/1/2024,19:00,Loudoun Utd,,FC Tulsa,,Segra Field,John Griggs,Match Report,,,
Regular Season,13,Sat,6/1/2024,19:00,Pittsburgh,,Indy Eleven,,Highmark Stadium,Lorenzo Hernandez,Match Report,,,
Regular Season,13,Sat,6/1/2024,19:00,Hartford,,Rhode Island FC,,Trinity Health Stadium,Luis Arroyo,Match Report,,,
Regular Season,13,Sun,6/2/2024,16:00 (19:00),Monterey Bay,,New Mexico Utd,,Cardinale Stadium,Servando Berna Rico,Match Report,,,
Regular Season,13,Sat,6/1/2024,19:00 (22:00),Sac Republic,,TB Rowdies,,Heart Health Park,Gerald Flores,Match Report,,,
Regular Season,13,Sat,6/1/2024,19:00 (22:00),Orange County,,Detroit City,,Orange Country Great Park Championship S...,Nabil Bensalah,Match Report,,,
Regular Season,13,Sat,6/1/2024,19:00 (21:00),CS Switchbacks,,Roots,,Weidner Field,Joe Surgan,Match Report,,,
Regular Season,13,Sat,6/1/2024,19:30 (22:30),LV Lights FC,,Phx Rising,,Cashman Field,Muhammad Hassan,Match Report,,,
Regular Season,13,Sat,6/1/2024,20:00 (21:00),El Paso,,B'ham Legion,,Southwest University Park,John Matto,Match Report,,,
Regular Season,13,Sat,6/1/2024,20:00 (21:00),San Antonio,,Memphis,,Toyota Field,Ricardo Montero,Match Report,,,
,,,,,,,,,,,,,,
Regular Season,,Wed,6/5/2024,20:00 (21:00),San Antonio,,El Paso,,Toyota Field,Ricardo Fierro,Match Report,,,
Round,Wk,Day,Date,Time,Home,,Away,,Venue,Referee,Match Report,,,Notes
Regular Season,14,Sat,6/8/2024,19:30,Charleston,,Pittsburgh,,Patriots Point Soccer Complex,Thomas Snyder,Match Report,,,
Regular Season,14,Sat,6/8/2024,19:30,Rhode Island FC,,Detroit City,,Beirne Stadium,Elton Garcia,Match Report,,,
Regular Season,14,Sun,6/9/2024,18:00 (19:00),B'ham Legion,,Indy Eleven,,Protective Stadium,Natalie Simon,Match Report,,,
Regular Season,14,Sat,6/8/2024,19:00 (22:00),Roots,,TB Rowdies,,Pioneer Stadium,Elijio Arreguin,Match Report,,,
Regular Season,14,Sat,6/8/2024,19:00 (21:00),New Mexico Utd,,Hartford,,Isotopes Park,Calin Radosav,Match Report,,,
Regular Season,14,Sat,6/8/2024,19:00 (22:00),Monterey Bay,,Sac Republic,,Cardinale Stadium,Matthew Thompson,Match Report,,,
Regular Season,14,Sat,6/8/2024,19:30 (20:30),Memphis,,CS Switchbacks,,AutoZone Park,Eric Tattersall,Match Report,,,
Regular Season,14,Sat,6/8/2024,19:30 (20:30),FC Tulsa,,San Antonio,,ONEOK Field,Brandon Stevis,Match Report,,,
Regular Season,14,Sat,6/8/2024,19:30 (22:30),LV Lights FC,,Miami FC,,Cashman Field,Lorenzo Hernandez,Match Report,,,
Regular Season,14,Sat,6/8/2024,20:00,Louisville City,,North Carolina,,Lynn Family Stadium,Abdou Ndiaye,Match Report,,,
,,,,,,,,,,,,,,
Regular Season,16,Sat,6/8/2024,20:00 (23:00),Phx Rising,,Orange County,,Wild Horse Pass Stadium,,Match Report,,,
,,,,,,,,,,,,,,
Regular Season,,Wed,6/12/2024,19:00 (20:00),Memphis,,Rhode Island FC,,AutoZone Park,Mathew Corrigan,Match Report,,,
Regular Season,15,Fri,6/14/2024,19:00,Loudoun Utd,,LV Lights FC,,Segra Field,Nabil Bensalah,Match Report,,,
Regular Season,15,Sat,6/15/2024,16:00,Detroit City,,Charleston,,Keyworth Stadium,Brandon Stevis,Match Report,,,
Regular Season,15,Sat,6/15/2024,19:00,Indy Eleven,,San Antonio,,Michael A. Carroll Stadium,Adam Kilpatrick,Match Report,,,
Regular Season,15,Sat,6/15/2024,19:00,Hartford,,Pittsburgh,,Trinity Health Stadium,Joshua Encarnacion,Match Report,,,
Regular Season,15,Sat,6/15/2024,19:30,TB Rowdies,,Louisville City,,Al Lang Stadium,Ricardo Fierro,Match Report,,,
Regular Season,15,Sun,6/16/2024,18:00,North Carolina,,Monterey Bay,,Sahlen's Stadium at WakeMed Soccer Park,Esad Omanovic,Match Report,,,
Round,Wk,Day,Date,Time,Home,,Away,,Venue,Referee,Match Report,,,Notes
Regular Season,15,Sat,6/15/2024,19:00 (21:00),CS Switchbacks,,Orange County,,Weidner Field,Brad Jensen,Match Report,,,
Regular Season,15,Sat,6/15/2024,19:30 (20:30),Memphis,,New Mexico Utd,,AutoZone Park,Elton Garcia,Match Report,,,
Regular Season,15,Sat,6/15/2024,20:00 (21:00),El Paso,,Phx Rising,,Southwest University Park,Elijio Arreguin,Match Report,,,
Regular Season,15,Sat,6/15/2024,20:00 (23:00),Sac Republic,,Roots,,Heart Health Park,Sergii Demianchuk,Match Report,,,
,,,,,,,,,,,,,,
Regular Season,,Tue,6/18/2024,19:30 (22:30),LV Lights FC,,CS Switchbacks,,Cashman Field,Elijio Arreguin,Match Report,,,
Regular Season,,Wed,6/19/2024,19:30,Pittsburgh,,Louisville City,,Highmark Stadium,Matthew Thompson,Match Report,,,
Regular Season,,Wed,6/19/2024,19:00 (20:00),B'ham Legion,,San Antonio,,Protective Stadium,Elvis Osmanovic,Match Report,,,
Regular Season,,Wed,6/19/2024,19:00 (22:00),Roots,,El Paso,,Pioneer Stadium,Trevor Wiseman,Match Report,,,
Regular Season,,Wed,6/19/2024,19:30 (20:30),FC Tulsa,,Miami FC,,ONEOK Field,Christopher Calderón,Match Report,,,
Regular Season,16,Fri,6/21/2024,19:30,Hartford,,TB Rowdies,,Trinity Health Stadium,Greg Dopka,Match Report,,,
Regular Season,16,Sat,6/22/2024,15:00 (18:00),Monterey Bay,,Roots,,Cardinale Stadium,Ricardo Montero,Match Report,,,
Regular Season,16,Sat,6/22/2024,19:00,Indy Eleven,,Orange County,,Michael A. Carroll Stadium,Joe Surgan,Match Report,,,
Regular Season,16,Sat,6/22/2024,19:00,Miami FC,,Loudoun Utd,,South Dade Kia Field at Pitbull Stadium,Eric Tattersall,Match Report,,,
Regular Season,16,Sat,6/22/2024,19:30,North Carolina,,Pittsburgh,,Sahlen's Stadium at WakeMed Soccer Park,Muhammad Hassan,Match Report,,,
Regular Season,16,Sat,6/22/2024,19:00 (21:00),New Mexico Utd,,CS Switchbacks,,Isotopes Park,Corbyn May,Match Report,,,
Regular Season,16,Sat,6/22/2024,19:30 (20:30),FC Tulsa,,Sac Republic,,ONEOK Field,John Matto,Match Report,,,
Regular Season,16,Sat,6/22/2024,19:30 (22:30),LV Lights FC,,Memphis,,Cashman Field,Trevor Wiseman,Match Report,,,
Regular Season,16,Sat,6/22/2024,19:30 (22:30),Phx Rising,,Charleston,,Wild Horse Pass Stadium,Abdou Ndiaye,Match Report,,,
Regular Season,16,Sat,6/22/2024,20:00,Louisville City,,Rhode Island FC,,Lynn Family Stadium,Kyle Johnston,Match Report,,,
Round,Wk,Day,Date,Time,Home,,Away,,Venue,Referee,Match Report,,,Notes
,,,,,,,,,,,,,,
Regular Season,17,Wed,6/26/2024,19:00,Detroit City,,B'ham Legion,,Keyworth Stadium,Abdou Ndiaye,Match Report,,,
Regular Season,17,Wed,6/26/2024,19:30,Rhode Island FC,,El Paso,,Beirne Stadium,Nabil Bensalah,Match Report,,,
Regular Season,17,Fri,6/28/2024,19:30,Charleston,,North Carolina,,Patriots Point Soccer Complex,Gerald Flores,Match Report,,,
Regular Season,17,Sat,6/29/2024,18:30 (19:30),B'ham Legion,,Louisville City,,Protective Stadium,Joshua Encarnacion,Match Report,,,
Regular Season,17,Sat,6/29/2024,19:00,Miami FC,,Detroit City,,South Dade Kia Field at Pitbull Stadium,Alyssa Nichols,Match Report,,,
Regular Season,17,Fri,6/28/2024,19:30 (20:30),Memphis,,Phx Rising,,AutoZone Park,Jeremy Scheer,Match Report,,,
Regular Season,17,Sat,6/29/2024,19:30,Loudoun Utd,,TB Rowdies,,Segra Field,Luis Arroyo,Match Report,,,
Regular Season,17,Sat,6/29/2024,19:00 (22:00),Orange County,,Roots,,Orange Country Great Park Championship S...,Elton Garcia,Match Report,,,
Regular Season,17,Sat,6/29/2024,19:00 (21:00),CS Switchbacks,,Monterey Bay,,Weidner Field,Lorenzo Hernandez,Match Report,,,
Regular Season,17,Sat,6/29/2024,19:30 (22:30),LV Lights FC,,Pittsburgh,,Cashman Field,John Griggs,Match Report,,,
Regular Season,17,Sat,6/29/2024,20:00 (23:00),Sac Republic,,Hartford,,Heart Health Park,Muhammad Hassan,Match Report,,,
Regular Season,17,Sat,6/29/2024,20:00 (21:00),San Antonio,,New Mexico Utd,,Toyota Field,Mathew Corrigan,Match Report,,,
,,,,,,,,,,,,,,
Regular Season,,Wed,7/3/2024,19:30,Loudoun Utd,,Hartford,,Segra Field,John Matto,Match Report,,,
Regular Season,18,Wed,7/3/2024,19:00 (21:00),New Mexico Utd,,Orange County,,Isotopes Park,Thomas Snyder,Match Report,,,
Regular Season,18,Wed,7/3/2024,19:30 (22:30),Sac Republic,,LV Lights FC,,Heart Health Park,Jeremy Scheer,Match Report,,,
Regular Season,18,Thu,7/4/2024,19:00 (21:00),CS Switchbacks,,FC Tulsa,,Weidner Field,Gerald Flores,Match Report,,,
Regular Season,18,Fri,7/5/2024,19:00,Charleston,,B'ham Legion,,Patriots Point Soccer Complex,Lorenzo Hernandez,Match Report,,,
Regular Season,18,Fri,7/5/2024,19:30,Rhode Island FC,,Indy Eleven,,Beirne Stadium,Ricardo Montero,Match Report,,,
Round,Wk,Day,Date,Time,Home,,Away,,Venue,Referee,Match Report,,,Notes
Regular Season,18,Sat,7/6/2024,19:00,Detroit City,,TB Rowdies,,Keyworth Stadium,Muhammad Hassan,Match Report,,,
Regular Season,18,Sat,7/6/2024,19:00,Pittsburgh,,Monterey Bay,,Highmark Stadium,Joe Surgan,Match Report,,,
Regular Season,18,Sat,7/6/2024,19:30,North Carolina,,Miami FC,,Sahlen's Stadium at WakeMed Soccer Park,Sergii Demianchuk,Match Report,,,
Regular Season,18,Sat,7/6/2024,19:00 (22:00),Roots,,Louisville City,,Pioneer Stadium,Calin Radosav,Match Report,,,
Regular Season,18,Sat,7/6/2024,19:00 (22:00),Orange County,,Memphis,,Orange Country Great Park Championship S...,John Griggs,Match Report,,,
Regular Season,18,Sat,7/6/2024,20:00 (21:00),San Antonio,,Phx Rising,,Toyota Field,Greg Dopka,Match Report,,,
,,,,,,,,,,,,,,
Regular Season,19,Fri,7/12/2024,19:30,Hartford,,Charleston,,Trinity Health Stadium,Elijio Arreguin,Match Report,,,
Regular Season,19,Sat,7/13/2024,16:00,Detroit City,,Memphis,,Keyworth Stadium,Ricardo Fierro,Match Report,,,
Regular Season,19,Sat,7/13/2024,18:30 (19:30),B'ham Legion,,CS Switchbacks,,Protective Stadium,Adam Kilpatrick,Match Report,,,
Regular Season,19,Sat,7/13/2024,19:00,Miami FC,,Rhode Island FC,,South Dade Kia Field at Pitbull Stadium,Luis Arroyo,Match Report,,,
Regular Season,19,Sat,7/13/2024,19:00,Indy Eleven,,Loudoun Utd,,Michael A. Carroll Stadium,Brandon Stevis,Match Report,,,
Regular Season,19,Sat,7/13/2024,19:00,Pittsburgh,,Roots,,Highmark Stadium,Nabil Bensalah,Match Report,,,
Regular Season,19,Sat,7/13/2024,19:30,TB Rowdies,,Orange County,,Al Lang Stadium,Eric Tattersall,Match Report,,,
Regular Season,19,Fri,7/12/2024,20:00 (21:00),El Paso,,LV Lights FC,,Southwest University Park,Servando Berna Rico,Match Report,,,
Regular Season,19,Sat,7/13/2024,19:00 (22:00),Monterey Bay,,FC Tulsa,,Cardinale Stadium,Ben Meyer,Match Report,,,
Regular Season,19,Sat,7/13/2024,20:00 (23:00),Sac Republic,,North Carolina,,Heart Health Park,Corbyn May,Match Report,,,
,,,,,,,,,,,,,,
Regular Season,,Wed,7/17/2024,19:00 (20:00),B'ham Legion,,Rhode Island FC,,Protective Stadium,Ben Meyer,Match Report,,,
Regular Season,20,Fri,7/19/2024,19:30,Charleston,,Miami FC,,Patriots Point Soccer Complex,Elvis Osmanovic,Match Report,,,
Round,Wk,Day,Date,Time,Home,,Away,,Venue,Referee,Match Report,,,Notes
Regular Season,20,Fri,7/19/2024,19:30,North Carolina,,Detroit City,,Sahlen's Stadium at WakeMed Soccer Park,John Matto,Match Report,,,
Regular Season,20,Sat,7/20/2024,19:00,Indy Eleven,,TB Rowdies,,Michael A. Carroll Stadium,Thomas Snyder,Match Report,,,
Regular Season,20,Fri,7/19/2024,20:00,Louisville City,,CS Switchbacks,,Lynn Family Stadium,Muhammad Hassan,Match Report,,,
Regular Season,20,Fri,7/19/2024,20:00 (23:00),Phx Rising,,El Paso,,Wild Horse Pass Stadium,Elton Garcia,Match Report,,,
Regular Season,20,Sun,7/21/2024,13:00 (16:00),Roots,,Sac Republic,,Pioneer Stadium,Abdou Ndiaye,Match Report,,,
Regular Season,20,Sat,7/20/2024,19:00 (22:00),Orange County,,San Antonio,,Orange Country Great Park Championship S...,Trevor Wiseman,Match Report,,,
Regular Season,20,Sat,7/20/2024,19:00 (21:00),New Mexico Utd,,B'ham Legion,,Isotopes Park,Luis Arroyo,Match Report,,,
Regular Season,20,Sat,7/20/2024,19:30 (20:30),FC Tulsa,,Memphis,,ONEOK Field,Alyssa Nichols,Match Report,,,
Regular Season,20,Sat,7/20/2024,20:00,Pittsburgh,,Hartford,,Highmark Stadium,Ali Zolgharnain,Match Report,,,
,,,,,,,,,,,,,,
Regular Season,,Wed,7/24/2024,11:00,Loudoun Utd,,Charleston,,Segra Field,Adam Kilpatrick,Match Report,,,
Regular Season,21,Fri,7/26/2024,19:30,Hartford,,Phx Rising,,Trinity Health Stadium,Gerald Flores,Match Report,,,
Regular Season,21,Sat,7/27/2024,18:30 (19:30),B'ham Legion,,Orange County,,Protective Stadium,Matthew Thompson,Match Report,,,
Regular Season,21,Fri,7/26/2024,19:00 (21:00),CS Switchbacks,,LV Lights FC,,Weidner Field,Ricardo Fierro,Match Report,,,
Regular Season,21,Sat,7/27/2024,19:00,Miami FC,,Roots,,South Dade Kia Field at Pitbull Stadium,Thomas Snyder,Match Report,,,
Regular Season,21,Sat,7/27/2024,19:00,Pittsburgh,,Loudoun Utd,,Highmark Stadium,Alex Billeter,Match Report,,,
Regular Season,21,Sat,7/27/2024,19:00,Detroit City,,Sac Republic,,Keyworth Stadium,Joshua Encarnacion,Match Report,,,
Regular Season,21,Sat,7/27/2024,19:30,TB Rowdies,,Charleston,,Al Lang Stadium,John Griggs,Match Report,,,
Regular Season,21,Fri,7/26/2024,19:30 (20:30),FC Tulsa,,Indy Eleven,,ONEOK Field,Lorenzo Hernandez,Match Report,,,
Regular Season,21,Sat,7/27/2024,19:30,Rhode Island FC,,North Carolina,,Beirne Stadium,Eric Tattersall,Match Report,,,
Round,Wk,Day,Date,Time,Home,,Away,,Venue,Referee,Match Report,,,Notes
Regular Season,21,Sat,7/27/2024,19:30 (20:30),Memphis,,San Antonio,,AutoZone Park,Abdou Ndiaye,Match Report,,,
Regular Season,21,Sat,7/27/2024,20:00,Louisville City,,Monterey Bay,,Lynn Family Stadium,Mathew Corrigan,Match Report,,,
Regular Season,21,Sat,7/27/2024,20:00 (21:00),El Paso,,New Mexico Utd,,Southwest University Park,Elijio Arreguin,Match Report,,,
,,,,,,,,,,,,,,
Regular Season,,Wed,7/31/2024,19:30,Hartford,,Detroit City,,Trinity Health Stadium,Mathew Corrigan,Match Report,,,
Regular Season,,Wed,7/31/2024,19:00 (21:00),New Mexico Utd,,LV Lights FC,,Isotopes Park,Elvis Osmanovic,Match Report,,,
Regular Season,22,Fri,8/2/2024,19:30,Charleston,,Indy Eleven,,Patriots Point Soccer Complex,Joshua Encarnacion,Match Report,,,
Regular Season,22,Sat,8/3/2024,16:00,Detroit City,,Rhode Island FC,,Keyworth Stadium,Lorenzo Hernandez,Match Report,,,
Regular Season,22,Sat,8/3/2024,18:30 (19:30),B'ham Legion,,Hartford,,Protective Stadium,Corbyn May,Match Report,,,
Regular Season,22,Sat,8/3/2024,19:30,Loudoun Utd,,Miami FC,,Segra Field,Brad Jensen,Match Report,,,
Regular Season,22,Sat,8/3/2024,19:00 (22:00),Sac Republic,,Pittsburgh,,Heart Health Park,Elton Garcia,Match Report,,,
Regular Season,22,Sat,8/3/2024,19:00 (22:00),Orange County,,North Carolina,,Orange Country Great Park Championship S...,Ben Meyer,Match Report,,,
Regular Season,22,Sat,8/3/2024,19:00 (21:00),CS Switchbacks,,Phx Rising,,Weidner Field,Elijio Arreguin,Match Report,,,
Regular Season,22,Sat,8/3/2024,19:00 (22:00),Monterey Bay,,TB Rowdies,,Cardinale Stadium,Nabil Bensalah,Match Report,,,
Regular Season,22,Sat,8/3/2024,19:00 (21:00),New Mexico Utd,,Louisville City,,Isotopes Park,Brandon Stevis,Match Report,,,
Regular Season,22,Sat,8/3/2024,19:30 (20:30),Memphis,,El Paso,,AutoZone Park,Thomas Snyder,Match Report,,,
Regular Season,22,Sat,8/3/2024,20:00 (21:00),San Antonio,,FC Tulsa,,Toyota Field,John Griggs,Match Report,,,
,,,,,,,,,,,,,,
Regular Season,,Wed,8/7/2024,19:00,Detroit City,,Pittsburgh,,Keyworth Stadium,Brandon Stevis,Match Report,,,
Regular Season,,Wed,8/7/2024,19:00,Indy Eleven,,Rhode Island FC,,Michael A. Carroll Stadium,Ricardo Fierro,Match Report,,,
Round,Wk,Day,Date,Time,Home,,Away,,Venue,Referee,Match Report,,,Notes
Regular Season,23,Sat,8/10/2024,19:00,Pittsburgh,,San Antonio,,Highmark Stadium,Alyssa Nichols,Match Report,,,
Regular Season,23,Sat,8/10/2024,19:30,North Carolina,,CS Switchbacks,,Sahlen's Stadium at WakeMed Soccer Park,Thomas Snyder,Match Report,,,
Regular Season,23,Sat,8/10/2024,19:30,Charleston,,Memphis,,Patriots Point Soccer Complex,Nabil Bensalah,Match Report,,,
Regular Season,23,Fri,8/9/2024,19:30 (20:30),FC Tulsa,,Orange County,,ONEOK Field,Calin Radosav,Match Report,,,
Regular Season,23,Sat,8/10/2024,19:30,Rhode Island FC,,Hartford,,Beirne Stadium,Joshua Encarnacion,Match Report,,,
Regular Season,23,Sun,8/11/2024,17:00,Indy Eleven,,New Mexico Utd,,Michael A. Carroll Stadium,Adam Kilpatrick,Match Report,,,
Regular Season,23,Sat,8/10/2024,19:00 (22:00),Monterey Bay,,B'ham Legion,,Cardinale Stadium,Muhammad Hassan,Match Report,,,
Regular Season,23,Sat,8/10/2024,19:00 (22:00),Roots,,Loudoun Utd,,Pioneer Stadium,Greg Dopka,Match Report,,,
Regular Season,23,Sat,8/10/2024,19:30 (22:30),LV Lights FC,,Detroit City,,Cashman Field,Gerald Flores,Match Report,,,
Regular Season,23,Sat,8/10/2024,20:00 (23:00),Phx Rising,,TB Rowdies,,Wild Horse Pass Stadium,Abdou Ndiaye,Match Report,,,
Regular Season,23,Sat,8/10/2024,20:00 (21:00),El Paso,,Miami FC,,Southwest University Park,Katja Koroleva,Match Report,,,
Regular Season,23,Sat,8/10/2024,21:00,Louisville City,,Sac Republic,,Lynn Family Stadium,Sergii Demianchuk,Match Report,,,
,,,,,,,,,,,,,,
Regular Season,,Wed,8/14/2024,19:00,Miami FC,,Memphis,,South Dade Kia Field at Pitbull Stadium,Jeremy Scheer,Match Report,,,
Regular Season,,Wed,8/14/2024,19:00 (21:00),New Mexico Utd,,FC Tulsa,,Isotopes Park,Sergii Demianchuk,Match Report,,,
Regular Season,,Wed,8/14/2024,19:30 (22:30),Sac Republic,,El Paso,,Heart Health Park,Trevor Wiseman,Match Report,,,
Regular Season,24,Sat,8/17/2024,19:00,Hartford,,LV Lights FC,,Trinity Health Stadium,Matthew Thompson,Match Report,,,
Regular Season,24,Fri,8/16/2024,19:00 (20:00),B'ham Legion,,Detroit City,,Protective Stadium,Calin Radosav,Match Report,,,
Regular Season,24,Sat,8/17/2024,19:00,Pittsburgh,,CS Switchbacks,,Highmark Stadium,Lorenzo Hernandez,Match Report,,,
Regular Season,24,Sat,8/17/2024,19:30,Rhode Island FC,,Roots,,Beirne Stadium,Brandon Stevis,Match Report,,,
Round,Wk,Day,Date,Time,Home,,Away,,Venue,Referee,Match Report,,,Notes
Regular Season,24,Sat,8/17/2024,19:30,TB Rowdies,,Loudoun Utd,,Al Lang Stadium,Elijio Arreguin,Match Report,,,
Regular Season,24,Sat,8/17/2024,19:00 (22:00),Orange County,,El Paso,,Orange Country Great Park Championship S...,Abdou Ndiaye,Match Report,,,
Regular Season,24,Sat,8/17/2024,19:00 (21:00),New Mexico Utd,,Monterey Bay,,Isotopes Park,Ricardo Fierro,Match Report,,,
Regular Season,24,Sat,8/17/2024,19:30 (20:30),Memphis,,FC Tulsa,,AutoZone Park,Eric Tattersall,Match Report,,,
Regular Season,24,Sat,8/17/2024,20:00,Louisville City,,Charleston,,Lynn Family Stadium,Elton Garcia,Match Report,,,
Regular Season,24,Sat,8/17/2024,20:00 (21:00),San Antonio,,North Carolina,,Toyota Field,Adam Kilpatrick,Match Report,,,
,,,,,,,,,,,,,,
Regular Season,,Wed,8/21/2024,19:30,TB Rowdies,,Detroit City,,Al Lang Stadium,Ricardo Montero,Match Report,,,
Regular Season,25,Sat,8/24/2024,18:30 (19:30),B'ham Legion,,Pittsburgh,,Protective Stadium,Gerald Flores,Match Report,,,
Regular Season,25,Sat,8/24/2024,19:00,Hartford,,Louisville City,,Trinity Health Stadium,John Griggs,Match Report,,,
Regular Season,25,Sat,8/24/2024,19:00,Detroit City,,FC Tulsa,,Keyworth Stadium,Alejo Calume,Match Report,,,
Regular Season,25,Sat,8/24/2024,19:30,TB Rowdies,,Miami FC,,Al Lang Stadium,John Matto,Match Report,,,
Regular Season,25,Sat,8/24/2024,19:30,Loudoun Utd,,Rhode Island FC,,Segra Field,Thomas Snyder,Match Report,,,
Regular Season,25,Sat,8/24/2024,19:30,Charleston,,Orange County,,Patriots Point Soccer Complex,Mathew Corrigan,Match Report,,,
Regular Season,25,Sat,8/24/2024,19:00 (21:00),CS Switchbacks,,New Mexico Utd,,Weidner Field,Joshua Encarnacion,Match Report,,,
Regular Season,25,Sat,8/24/2024,19:00 (22:00),Roots,,Memphis,,Pioneer Stadium,Lorenzo Hernandez,Match Report,,,
Regular Season,25,Sat,8/24/2024,19:00 (22:00),Monterey Bay,,El Paso,,Cardinale Stadium,Ben Meyer,Match Report,,,
Regular Season,25,Sat,8/24/2024,19:30 (22:30),LV Lights FC,,Indy Eleven,,Cashman Field,Trevor Wiseman,Match Report,,,
Regular Season,25,Sat,8/24/2024,20:00 (23:00),Phx Rising,,North Carolina,,Wild Horse Pass Stadium,Muhammad Hassan,Match Report,,,
Regular Season,25,Sat,8/24/2024,20:00 (23:00),Sac Republic,,San Antonio,,Heart Health Park,Nabil Bensalah,Match Report,,,
Round,Wk,Day,Date,Time,Home,,Away,,Venue,Referee,Match Report,,,Notes
,,,,,,,,,,,,,,
Regular Season,,Wed,8/28/2024,19:00 (21:00),CS Switchbacks,,Memphis,,Weidner Field,Trevor Wiseman,Match Report,,,
Regular Season,26,Sat,8/31/2024,15:00 (18:00),Roots,,New Mexico Utd,,Pioneer Stadium,DeShun Beard,Match Report,,,
Regular Season,26,Sat,8/31/2024,19:00,Indy Eleven,,Pittsburgh,,Michael A. Carroll Stadium,Elijio Arreguin,Match Report,,,
Regular Season,26,Sat,8/31/2024,19:00,Detroit City,,Hartford,,Keyworth Stadium,Servando Berna Rico,Match Report,,,
Regular Season,26,Sat,8/31/2024,19:00,Miami FC,,Monterey Bay,,South Dade Kia Field at Pitbull Stadium,Esad Omanovic,Match Report,,,
Regular Season,26,Sat,8/31/2024,19:30,Rhode Island FC,,B'ham Legion,,Beirne Stadium,Greg Dopka,Match Report,,,
Regular Season,26,Sat,8/31/2024,19:30,North Carolina,,Louisville City,,Sahlen's Stadium at WakeMed Soccer Park,Lorenzo Hernandez,Match Report,,,
Regular Season,26,Sat,8/31/2024,19:30,Loudoun Utd,,Phx Rising,,Segra Field,Jeremy Scheer,Match Report,,,
Regular Season,26,Sun,9/1/2024,17:00 (18:00),FC Tulsa,,CS Switchbacks,,ONEOK Field,Elton Garcia,Match Report,,,
Regular Season,26,Sat,8/31/2024,19:00 (22:00),Orange County,,LV Lights FC,,Orange Country Great Park Championship S...,Katja Koroleva,Match Report,,,
Regular Season,26,Sat,8/31/2024,20:00 (21:00),San Antonio,,Charleston,,Toyota Field,Muhammad Hassan,Match Report,,,
,,,,,,,,,,,,,,
Regular Season,27,Fri,9/6/2024,19:30,Louisville City,,Loudoun Utd,,Lynn Family Stadium,Ricardo Montero,Match Report,,,
Regular Season,27,Sat,9/7/2024,19:00,Hartford,,Indy Eleven,,Trinity Health Stadium,Thomas Snyder,Match Report,,,
Regular Season,27,Fri,9/6/2024,19:00 (21:00),New Mexico Utd,,Miami FC,,Isotopes Park,Gerald Flores,Match Report,,,
Regular Season,27,Sat,9/7/2024,19:00,Pittsburgh,,Rhode Island FC,,Highmark Stadium,Abdou Ndiaye,Match Report,,,
Regular Season,27,Sat,9/7/2024,19:30,Charleston,,Sac Republic,,Patriots Point Soccer Complex,Alyssa Nichols,Match Report,,,
Regular Season,27,Sat,9/7/2024,19:30,North Carolina,,Roots,,Sahlen's Stadium at WakeMed Soccer Park,Elvis Osmanovic,Match Report,,,
Regular Season,27,Fri,9/6/2024,20:00 (23:00),Phx Rising,,FC Tulsa,,Wild Horse Pass Stadium,Ricardo Fierro,Match Report,,,
Round,Wk,Day,Date,Time,Home,,Away,,Venue,Referee,Match Report,,,Notes
Regular Season,27,Sat,9/7/2024,19:00 (22:00),Monterey Bay,,San Antonio,,Cardinale Stadium,Elijio Arreguin,Match Report,,,
Regular Season,27,Sat,9/7/2024,19:00 (21:00),CS Switchbacks,,TB Rowdies,,Weidner Field,Jeremy Scheer,Match Report,,,
Regular Season,27,Sat,9/7/2024,20:00 (21:00),El Paso,,Detroit City,,Southwest University Park,Luis Arroyo,Match Report,,,
,,,,,,,,,,,,,,
Regular Season,,Wed,9/11/2024,19:00 (20:00),Memphis,,Hartford,,AutoZone Park,Elvis Osmanovic,Match Report,,,
Regular Season,,Wed,9/11/2024,19:00 (20:00),B'ham Legion,,TB Rowdies,,Protective Stadium,Lorenzo Hernandez,Match Report,,,
Regular Season,,Wed,9/11/2024,19:30 (20:30),FC Tulsa,,LV Lights FC,,ONEOK Field,Abdou Ndiaye,Match Report,,,
Regular Season,28,Sat,9/14/2024,19:00,Loudoun Utd,,B'ham Legion,,Segra Field,Muhammad Hassan,Match Report,,,
Regular Season,28,Sat,9/14/2024,19:00,Indy Eleven,,El Paso,,Michael A. Carroll Stadium,Sergii Demianchuk,Match Report,,,
Regular Season,28,Sat,9/14/2024,19:00,Miami FC,,Hartford,,South Dade Kia Field at Pitbull Stadium,Nabil Bensalah,Match Report,,,
Regular Season,28,Sat,9/14/2024,19:00,Detroit City,,New Mexico Utd,,Keyworth Stadium,Eric Tattersall,Match Report,,,
Regular Season,28,Sat,9/14/2024,19:30,TB Rowdies,,Pittsburgh,,Al Lang Stadium,Brandon Stevis,Match Report,,,
Regular Season,28,Sat,9/14/2024,18:00 (20:00),CS Switchbacks,,Charleston,,Weidner Field,Ricardo Fierro,Match Report,,,
Regular Season,28,Sat,9/14/2024,19:00 (20:00),Memphis,,North Carolina,,AutoZone Park,Calin Radosav,Match Report,,,
Regular Season,28,Sat,9/14/2024,19:00 (22:00),Sac Republic,,Phx Rising,,Heart Health Park,Matthew Thompson,Match Report,,,
Regular Season,28,Sat,9/14/2024,19:00 (22:00),Orange County,,Rhode Island FC,,Orange Country Great Park Championship S...,Trevor Wiseman,Match Report,,,
Regular Season,28,Sat,9/14/2024,19:00 (22:00),Roots,,San Antonio,,Pioneer Stadium,Ricardo Montero,Match Report,,,
Regular Season,28,Sat,9/14/2024,19:30 (22:30),LV Lights FC,,Monterey Bay,,Cashman Field,Adam Kilpatrick,Match Report,,,
Regular Season,28,Sat,9/14/2024,19:30 (20:30),FC Tulsa,,Louisville City,,ONEOK Field,Brad Jensen,Match Report,,,
,,,,,,,,,,,,,,
Round,Wk,Day,Date,Time,Home,,Away,,Venue,Referee,Match Report,,,Notes
Regular Season,,Wed,9/18/2024,19:00 (21:00),New Mexico Utd,,Sac Republic,,Isotopes Park,Greg Dopka,Match Report,,,
Regular Season,29,Sat,9/21/2024,19:00,Hartford,,Roots,,Trinity Health Stadium,Alyssa Nichols,Match Report,,,
Regular Season,29,Sat,9/21/2024,19:30,Charleston,,TB Rowdies,,Patriots Point Soccer Complex,Abdou Ndiaye,Match Report,,,
Regular Season,29,Sat,9/21/2024,19:30,North Carolina,,Indy Eleven,,Sahlen's Stadium at WakeMed Soccer Park,Jeremy Scheer,Match Report,,,
Regular Season,29,Sat,9/21/2024,19:30,Rhode Island FC,,FC Tulsa,,Beirne Stadium,Adam Kilpatrick,Match Report,,,
Regular Season,29,Sun,9/22/2024,14:00 (16:00),New Mexico Utd,,Loudoun Utd,,Isotopes Park,Katja Koroleva,Match Report,,,
Regular Season,29,Sun,9/22/2024,15:00,Detroit City,,Louisville City,,Keyworth Stadium,Ricardo Fierro,Match Report,,,
Regular Season,29,Sun,9/22/2024,16:00 (17:00),B'ham Legion,,Miami FC,,Protective Stadium,Ben Meyer,Match Report,,,
Regular Season,29,Sat,9/21/2024,19:00 (22:00),Monterey Bay,,Orange County,,Cardinale Stadium,Elton Garcia,Match Report,,,
Regular Season,29,Sat,9/21/2024,19:30 (22:30),Phx Rising,,San Antonio,,Wild Horse Pass Stadium,Gerald Flores,Match Report,,,
Regular Season,29,Sat,9/21/2024,19:30 (22:30),LV Lights FC,,Sac Republic,,Cashman Field,Mathew Corrigan,Match Report,,,
Regular Season,29,Sat,9/21/2024,20:00 (21:00),El Paso,,CS Switchbacks,,Southwest University Park,Nabil Bensalah,Match Report,,,
,,,,,,,,,,,,,,
Regular Season,,Wed,9/25/2024,19:30 (22:30),Orange County,,Phx Rising,,Orange Country Great Park Championship S...,John Griggs,Match Report,,,
Regular Season,30,Sat,9/28/2024,14:00 (15:00),El Paso,,North Carolina,,Southwest University Park,Muhammad Hassan,Match Report,,,
Regular Season,30,Sat,9/28/2024,19:00,Pittsburgh,,B'ham Legion,,Highmark Stadium,Elvis Osmanovic,Match Report,,,
Regular Season,30,Sat,9/28/2024,19:00,Indy Eleven,,Miami FC,,Michael A. Carroll Stadium,Matthew Thompson,Match Report,,,
Regular Season,30,Sat,9/28/2024,19:30,Louisville City,,Memphis,,Lynn Family Stadium,Nabil Bensalah,Match Report,,,
Regular Season,30,Sun,9/29/2024,15:00 (18:00),Roots,,FC Tulsa,,Pioneer Stadium,Thomas Snyder,Match Report,,,
Regular Season,30,Sat,9/28/2024,18:00 (20:00),CS Switchbacks,,Loudoun Utd,,Weidner Field,Servando Berna Rico,Match Report,,,
Round,Wk,Day,Date,Time,Home,,Away,,Venue,Referee,Match Report,,,Notes
Regular Season,30,Sat,9/28/2024,19:00 (22:00),Monterey Bay,,Detroit City,,Cardinale Stadium,Abdou Ndiaye,Match Report,,,
Regular Season,30,Sat,9/28/2024,19:30 (20:30),San Antonio,,Rhode Island FC,,Toyota Field,Sergii Demianchuk,Match Report,,,
Regular Season,30,Sat,9/28/2024,19:30 (22:30),Phx Rising,,LV Lights FC,,Wild Horse Pass Stadium,Calin Radosav,Match Report,,,
Regular Season,30,Sun,9/29/2024,17:30 (20:30),Sac Republic,,New Mexico Utd,,Heart Health Park,Brandon Stevis,Match Report,,,
,,,,,,,,,,,,,,
Regular Season,,Wed,10/2/2024,19:30,Louisville City,,Miami FC,,Lynn Family Stadium,Thomas Snyder,Match Report,,,
Regular Season,31,Sat,10/5/2024,16:00,Charleston,,Detroit City,,Patriots Point Soccer Complex,Greg Dopka,Match Report,,,
Regular Season,31,Sat,10/5/2024,19:00,Indy Eleven,,Louisville City,,Michael A. Carroll Stadium,Alyssa Nichols,Match Report,,,
Regular Season,31,Sat,10/5/2024,19:00,Hartford,,Loudoun Utd,,Trinity Health Stadium,Joe Surgan,Match Report,,,
Regular Season,31,Sat,10/5/2024,19:00,Miami FC,,Pittsburgh,,South Dade Kia Field at Pitbull Stadium,Luis Arroyo,Match Report,,,
Regular Season,31,Fri,10/4/2024,19:30 (22:30),Phx Rising,,Monterey Bay,,Wild Horse Pass Stadium,Brandon Stevis,Match Report,,,
Regular Season,31,Sat,10/5/2024,19:30,Rhode Island FC,,TB Rowdies,,Beirne Stadium,Elton Garcia,Match Report,,,
Regular Season,31,Sun,10/6/2024,17:00 (18:00),B'ham Legion,,North Carolina,,Protective Stadium,Alejo Calume,Match Report,,,
Regular Season,31,Sat,10/5/2024,19:00 (20:00),Memphis,,Roots,,AutoZone Park,Joshua Encarnacion,Match Report,,,
Regular Season,31,Sat,10/5/2024,19:30 (20:30),San Antonio,,Sac Republic,,Toyota Field,Elvis Osmanovic,Match Report,,,
Regular Season,31,Sat,10/5/2024,19:30 (20:30),FC Tulsa,,El Paso,,ONEOK Field,Jeremy Scheer,Match Report,,,
Regular Season,31,Sat,10/5/2024,19:30 (22:30),LV Lights FC,,Orange County,,Cashman Field,Gerald Flores,Match Report,,,
,,,,,,,,,,,,,,
Regular Season,,Tue,10/8/2024,19:00,Loudoun Utd,,Indy Eleven,,Segra Field,Abdou Ndiaye,Match Report,,,
Regular Season,,Wed,10/9/2024,19:00,North Carolina,,FC Tulsa,,Sahlen's Stadium at WakeMed Soccer Park,John Matto,Match Report,,,
Round,Wk,Day,Date,Time,Home,,Away,,Venue,Referee,Match Report,,,Notes
Regular Season,,Wed,10/9/2024,19:00 (21:00),New Mexico Utd,,Phx Rising,,Isotopes Park,Thomas Snyder,Match Report,,,
Regular Season,,Wed,10/9/2024,19:00 (22:00),Orange County,,CS Switchbacks,,Orange Country Great Park Championship S...,Muhammad Hassan,Match Report,,,
Regular Season,,Wed,10/9/2024,19:00 (22:00),Sac Republic,,Monterey Bay,,Heart Health Park,Trevor Wiseman,Match Report,,,
Regular Season,,Wed,10/9/2024,20:00 (21:00),El Paso,,San Antonio,,Southwest University Park,Servando Berna Rico,Match Report,,,
Regular Season,33,Sat,10/12/2024,16:00,Detroit City,,Indy Eleven,,Keyworth Stadium,Gerald Flores,Match Report,,,
Regular Season,33,Sat,10/12/2024,19:00,Pittsburgh,,Charleston,,Highmark Stadium,Joe Surgan,Match Report,,,
Regular Season,33,Sat,10/12/2024,19:30,Hartford,,North Carolina,,Trinity Health Stadium,Adam Kilpatrick,Match Report,,,
Regular Season,33,Sat,10/12/2024,19:30,Louisville City,,TB Rowdies,,Lynn Family Stadium,Elijio Arreguin,Match Report,,,
Regular Season,33,Sun,10/13/2024,16:00,Rhode Island FC,,Loudoun Utd,,Beirne Stadium,Jeremy Scheer,Match Report,,,
Regular Season,33,Sun,10/13/2024,17:00 (18:00),B'ham Legion,,LV Lights FC,,Protective Stadium,Ricardo Fierro,Match Report,,,
Regular Season,33,Sat,10/12/2024,18:00 (20:00),CS Switchbacks,,San Antonio,,Weidner Field,Calin Radosav,Match Report,,,
Regular Season,33,Sat,10/12/2024,19:00 (20:00),Memphis,,Sac Republic,,AutoZone Park,Lorenzo Hernandez,Match Report,,,
Regular Season,33,Sat,10/12/2024,19:00 (22:00),Roots,,Phx Rising,,Pioneer Stadium,Mathew Corrigan,Match Report,,,
Regular Season,33,Sat,10/12/2024,19:30 (20:30),FC Tulsa,,New Mexico Utd,,ONEOK Field,Joshua Encarnacion,Match Report,,,
,,,,,,,,,,,,,,
Regular Season,,Wed,10/16/2024,20:00 (21:00),El Paso,,Orange County,,Southwest University Park,Brandon Stevis,Match Report,,,
Regular Season,34,Sat,10/19/2024,16:00,Detroit City,,Miami FC,,Keyworth Stadium,Servando Berna Rico,Match Report,,,
Regular Season,34,Sat,10/19/2024,17:00 (18:00),FC Tulsa,,Hartford,,ONEOK Field,Elton Garcia,Match Report,,,
Regular Season,34,Sat,10/19/2024,17:00,TB Rowdies,,North Carolina,,Al Lang Stadium,Greg Dopka,Match Report,,,
Regular Season,34,Sat,10/19/2024,18:00,Loudoun Utd,,Pittsburgh,,Segra Field,Alejo Calume,Match Report,,,
Round,Wk,Day,Date,Time,Home,,Away,,Venue,Referee,Match Report,,,Notes
Regular Season,34,Sat,10/19/2024,19:00,Indy Eleven,,B'ham Legion,,Michael A. Carroll Stadium,Mathew Corrigan,Match Report,,,
Regular Season,34,Sat,10/19/2024,19:30,Charleston,,Rhode Island FC,,Patriots Point Soccer Complex,Matthew Thompson,Match Report,,,
Regular Season,34,Sat,10/19/2024,19:00 (22:00),Monterey Bay,,CS Switchbacks,,Cardinale Stadium,Alex Beehler,Match Report,,,
Regular Season,34,Sat,10/19/2024,19:00 (22:00),Orange County,,New Mexico Utd,,Orange Country Great Park Championship S...,Ricardo Montero,Match Report,,,
Regular Season,34,Sat,10/19/2024,19:30 (20:30),San Antonio,,Louisville City,,Toyota Field,Abdou Ndiaye,Match Report,,,
Regular Season,34,Sat,10/19/2024,19:30 (22:30),LV Lights FC,,Roots,,Cashman Field,Brandon Stevis,Match Report,,,
Regular Season,34,Sat,10/19/2024,19:30 (22:30),Phx Rising,,Memphis,,Wild Horse Pass Stadium,Alyssa Nichols,Match Report,,,
Regular Season,34,Sat,10/19/2024,20:00 (21:00),El Paso,,Sac Republic,,Southwest University Park,Joe Surgan,Match Report,,,
,,,,,,,,,,,,,,
Regular Season,32,Wed,10/23/2024,19:30,TB Rowdies,,Hartford,,Al Lang Stadium,Ricardo Fierro,Match Report,,,
,,,,,,,,,,,,,,
Regular Season,35,Sat,10/26/2024,18:00,Charleston,,Loudoun Utd,,Patriots Point Soccer Complex,Brandon Stevis,Match Report,,,
Regular Season,35,Sat,10/26/2024,19:00,North Carolina,,LV Lights FC,,Sahlen's Stadium at WakeMed Soccer Park,Matthew Thompson,Match Report,,,
Regular Season,35,Sat,10/26/2024,19:00,Pittsburgh,,El Paso,,Highmark Stadium,Mathew Corrigan,Match Report,,,
Regular Season,35,Sat,10/26/2024,19:30,TB Rowdies,,Indy Eleven,,Al Lang Stadium,Calin Radosav,Match Report,,,
Regular Season,35,Sat,10/26/2024,19:30,Louisville City,,Phx Rising,,Lynn Family Stadium,Jeremy Scheer,Match Report,,,
Regular Season,35,Sat,10/26/2024,19:00 (21:00),New Mexico Utd,,Memphis,,Isotopes Park,Eric Tattersall,Match Report,,,
Regular Season,35,Sat,10/26/2024,20:00 (23:00),Roots,,B'ham Legion,,Pioneer Stadium,Elton Garcia,Match Report,,,
Regular Season,35,Sat,10/26/2024,20:00 (23:00),Sac Republic,,CS Switchbacks,,Heart Health Park,Ricardo Montero,Match Report,,,
Regular Season,35,Sat,10/26/2024,20:00 (21:00),FC Tulsa,,Monterey Bay,,ONEOK Field,Muhammad Hassan,Match Report,,,
Round,Wk,Day,Date,Time,Home,,Away,,Venue,Referee,Match Report,,,Notes
Regular Season,35,Sat,10/26/2024,20:00 (23:00),Orange County,,Hartford,,Orange Country Great Park Championship S...,Sergii Demianchuk,Match Report,,,
Regular Season,35,Sat,10/26/2024,20:30 (21:30),San Antonio,,Detroit City,,Toyota Field,John Griggs,Match Report,,,
Regular Season,35,Sat,10/26/2024,21:00,Rhode Island FC,,Miami FC,,Beirne Stadium,Elijio Arreguin,Match Report,,,
,,,,,,,,,,,,,,
Conference Quarterfinals,,Sat,11/2/2024,13:00 (14:00),Memphis,,Orange County,,AutoZone Park,Ricardo Fierro,Match Report,,,Required Extra Time
Conference Quarterfinals,,Sat,11/2/2024,18:30,Charleston,,Pittsburgh,,Patriots Point Soccer Complex,Nabil Bensalah,Match Report,,,
Conference Quarterfinals,,Sat,11/2/2024,19:00,Detroit City,,TB Rowdies,,Keyworth Stadium,Sergii Demianchuk,Match Report,,,TB Rowdies won on penalty kicks following extra time
Conference Quarterfinals,,Sat,11/2/2024,19:30,Louisville City,,North Carolina,,Lynn Family Stadium,Mathew Corrigan,Match Report,,,
Conference Quarterfinals,,Fri,11/1/2024,19:30 (22:30),LV Lights FC,,Sac Republic,,Cashman Field,Elton Garcia,Match Report,,,LV Lights FC won on penalty kicks following extra time
Conference Quarterfinals,,Sun,11/3/2024,13:00,Indy Eleven,,Rhode Island FC,,Michael A. Carroll Stadium,Joshua Encarnacion,Match Report,,,
Conference Qu,,,,,,,,,,,,,,
