Row,Date,Home_Team,Away_Team,Attendance,Match_Report_Link
0,2024-03-09,New Mexico Utd,Pittsburgh,"11,347",https://fbref.com/en/matches/b1544fc3/New-Mexico-United-Pittsburgh-Riverhounds-March-9-2024-USL-Championship
1,2024-03-09,Memphis,LV Lights FC,"3,290",https://fbref.com/en/matches/778d92a1/Memphis-901-Las-Vegas-Lights-FC-March-9-2024-USL-Championship
2,2024-03-09,Roots,Indy Eleven,"5,146",https://fbref.com/en/matches/6ce79fb0/Oakland-Roots-Indy-Eleven-March-9-2024-USL-Championship
3,2024-03-09,Miami FC,CS Switchbacks,"1,122",https://fbref.com/en/matches/7a4237a4/Miami-FC-Colorado-Springs-Switchbacks-March-9-2024-USL-Championship
4,2024-03-09,Sac Republic,Orange County,"11,569",https://fbref.com/en/matches/82d360f7/Sacramento-Republic-Orange-County-SC-March-9-2024-USL-Championship
5,2024-03-09,North Carolina,Charleston,"2,576",https://fbref.com/en/matches/860234cf/North-Carolina-FC-Charleston-Battery-March-9-2024-USL-Championship
6,2024-03-09,San Antonio,Loudoun Utd,"7,263",https://fbref.com/en/matches/f8251d3a/San-Antonio-FC-Loudoun-United-March-9-2024-USL-Championship
7,2024-03-09,Phx Rising,B'ham Legion,"8,187",https://fbref.com/en/matches/ff3c2f48/Phoenix-Rising-Birmingham-Legion-March-9-2024-USL-Championship
8,2024-03-09,El Paso,Hartford,"6,111",https://fbref.com/en/matches/3e0b5f68/El-Paso-Locomotive-Hartford-Athletic-March-9-2024-USL-Championship
9,,,,,
10,2024-03-13,El Paso,Monterey Bay,"4,566",https://fbref.com/en/matches/e0ef2679/El-Paso-Locomotive-Monterey-Bay-March-13-2024-USL-Championship
11,2024-03-16,El Paso,Louisville City,"4,876",https://fbref.com/en/matches/2bc4c643/El-Paso-Locomotive-Louisville-City-March-16-2024-USL-Championship
12,2024-03-16,Memphis,Indy Eleven,"2,621",https://fbref.com/en/matches/d1d321b4/Memphis-901-Indy-Eleven-March-16-2024-USL-Championship
13,2024-03-16,Loudoun Utd,North Carolina,"3,810",https://fbref.com/en/matches/75359beb/Loudoun-United-North-Carolina-FC-March-16-2024-USL-Championship
14,2024-03-16,Rhode Island FC,New Mexico Utd,"5,252",https://fbref.com/en/matches/dd1ddc1f/Rhode-Island-FC-New-Mexico-United-March-16-2024-USL-Championship
15,2024-03-16,Pittsburgh,Orange County,"5,125",https://fbref.com/en/matches/1e4ef48a/Pittsburgh-Riverhounds-Orange-County-SC-March-16-2024-USL-Championship
16,2024-03-16,Miami FC,Sac Republic,"1,044",https://fbref.com/en/matches/dc21c0c9/Miami-FC-Sacramento-Republic-March-16-2024-USL-Championship
17,2024-03-16,TB Rowdies,San Antonio,"7,500",https://fbref.com/en/matches/3ca6c17d/Tampa-Bay-Rowdies-San-Antonio-FC-March-16-2024-USL-Championship
18,2024-03-16,LV Lights FC,FC Tulsa,"1,675",https://fbref.com/en/matches/cf3ec608/Las-Vegas-Lights-FC-FC-Tulsa-March-16-2024-USL-Championship
19,2024-03-16,CS Switchbacks,Detroit City,"6,174",https://fbref.com/en/matches/71f91fae/Colorado-Springs-Switchbacks-Detroit-City-March-16-2024-USL-Championship
20,Date,Home,Away,Attendance,
21,2024-03-16,Roots,Charleston,"4,261",https://fbref.com/en/matches/0fe27394/Oakland-Roots-Charleston-Battery-March-16-2024-USL-Championship
22,2024-03-16,Monterey Bay,Phx Rising,"4,867",https://fbref.com/en/matches/ab9c2d1e/Monterey-Bay-Phoenix-Rising-March-16-2024-USL-Championship
23,,,,,
24,2024-03-23,Hartford,B'ham Legion,"2,969",https://fbref.com/en/matches/a6e32d07/Hartford-Athletic-Birmingham-Legion-March-23-2024-USL-Championship
25,2024-03-23,Louisville City,Pittsburgh,"9,313",https://fbref.com/en/matches/19d89251/Louisville-City-Pittsburgh-Riverhounds-March-23-2024-USL-Championship
26,2024-03-23,Detroit City,Loudoun Utd,"6,231",https://fbref.com/en/matches/d2ace955/Detroit-City-Loudoun-United-March-23-2024-USL-Championship
27,2024-03-23,North Carolina,TB Rowdies,"1,796",https://fbref.com/en/matches/de3bcb54/North-Carolina-FC-Tampa-Bay-Rowdies-March-23-2024-USL-Championship
28,2024-03-23,Indy Eleven,Sac Republic,"8,451",https://fbref.com/en/matches/f7fcb424/Indy-Eleven-Sacramento-Republic-March-23-2024-USL-Championship
29,2024-03-23,Charleston,New Mexico Utd,"2,958",https://fbref.com/en/matches/644b19fc/Charleston-Battery-New-Mexico-United-March-23-2024-USL-Championship
30,2024-03-24,Monterey Bay,Rhode Island FC,"3,359",https://fbref.com/en/matches/9d32221a/Monterey-Bay-Rhode-Island-FC-March-24-2024-USL-Championship
31,2024-03-23,LV Lights FC,El Paso,"1,070",https://fbref.com/en/matches/834b69fd/Las-Vegas-Lights-FC-El-Paso-Locomotive-March-23-2024-USL-Championship
32,2024-03-23,Orange County,Miami FC,"5,000",https://fbref.com/en/matches/0b14a0f0/Orange-County-SC-Miami-FC-March-23-2024-USL-Championship
33,2024-03-23,Phx Rising,Roots,"6,036",https://fbref.com/en/matches/e3b7a821/Phoenix-Rising-Oakland-Roots-March-23-2024-USL-Championship
34,2024-03-23,San Antonio,CS Switchbacks,"6,138",https://fbref.com/en/matches/ce8d823c/San-Antonio-FC-Colorado-Springs-Switchbacks-March-23-2024-USL-Championship
35,,,,,
36,2024-03-29,North Carolina,Hartford,"1,465",https://fbref.com/en/matches/820c50c8/North-Carolina-FC-Hartford-Athletic-March-29-2024-USL-Championship
37,2024-03-30,Louisville City,B'ham Legion,"8,973",https://fbref.com/en/matches/a5f7473f/Louisville-City-Birmingham-Legion-March-30-2024-USL-Championship
38,2024-03-30,Indy Eleven,Detroit City,"9,044",https://fbref.com/en/matches/23f238b1/Indy-Eleven-Detroit-City-March-30-2024-USL-Championship
39,2024-03-30,Miami FC,Charleston,"1,107",https://fbref.com/en/matches/9b6a69ed/Miami-FC-Charleston-Battery-March-30-2024-USL-Championship
40,2024-03-30,TB Rowdies,Rhode Island FC,"6,001",https://fbref.com/en/matches/c76e51c9/Tampa-Bay-Rowdies-Rhode-Island-FC-March-30-2024-USL-Championship
41,Date,Home,Away,Attendance,
42,2024-03-30,Orange County,FC Tulsa,"3,573",https://fbref.com/en/matches/33278dbc/Orange-County-SC-FC-Tulsa-March-30-2024-USL-Championship
43,2024-03-30,Roots,LV Lights FC,"2,812",https://fbref.com/en/matches/c09757d8/Oakland-Roots-Las-Vegas-Lights-FC-March-30-2024-USL-Championship
44,2024-03-30,Sac Republic,Memphis,"9,488",https://fbref.com/en/matches/f1e0df43/Sacramento-Republic-Memphis-901-March-30-2024-USL-Championship
45,2024-03-30,San Antonio,Monterey Bay,"7,546",https://fbref.com/en/matches/76e6889c/San-Antonio-FC-Monterey-Bay-March-30-2024-USL-Championship
46,2024-03-30,Phx Rising,New Mexico Utd,"7,172",https://fbref.com/en/matches/b7cc8678/Phoenix-Rising-New-Mexico-United-March-30-2024-USL-Championship
47,,,,,
48,2024-04-06,Detroit City,North Carolina,"5,155",https://fbref.com/en/matches/41ab98c1/Detroit-City-North-Carolina-FC-April-6-2024-USL-Championship
49,2024-04-06,Hartford,Miami FC,"3,394",https://fbref.com/en/matches/ec447e55/Hartford-Athletic-Miami-FC-April-6-2024-USL-Championship
50,2024-04-06,Memphis,Orange County,"2,316",https://fbref.com/en/matches/7e54e8df/Memphis-901-Orange-County-SC-April-6-2024-USL-Championship
51,2024-04-06,Louisville City,Indy Eleven,"11,330",https://fbref.com/en/matches/da5fcf9d/Louisville-City-Indy-Eleven-April-6-2024-USL-Championship
52,2024-04-06,Pittsburgh,TB Rowdies,"3,109",https://fbref.com/en/matches/41507dd5/Pittsburgh-Riverhounds-Tampa-Bay-Rowdies-April-6-2024-USL-Championship
53,2024-04-05,FC Tulsa,Phx Rising,"5,135",https://fbref.com/en/matches/a9348a92/FC-Tulsa-Phoenix-Rising-April-5-2024-USL-Championship
54,2024-04-06,Rhode Island FC,Charleston,"3,729",https://fbref.com/en/matches/ef4cc3ee/Rhode-Island-FC-Charleston-Battery-April-6-2024-USL-Championship
55,2024-04-07,B'ham Legion,Loudoun Utd,"2,112",https://fbref.com/en/matches/97f6fb9b/Birmingham-Legion-Loudoun-United-April-7-2024-USL-Championship
56,2024-04-06,CS Switchbacks,Sac Republic,"6,965",https://fbref.com/en/matches/3d3a8595/Colorado-Springs-Switchbacks-Sacramento-Republic-April-6-2024-USL-Championship
57,2024-04-06,Roots,Monterey Bay,"3,001",https://fbref.com/en/matches/4cc1212c/Oakland-Roots-Monterey-Bay-April-6-2024-USL-Championship
58,2024-04-06,New Mexico Utd,El Paso,"9,019",https://fbref.com/en/matches/ce548760/New-Mexico-United-El-Paso-Locomotive-April-6-2024-USL-Championship
59,2024-04-06,LV Lights FC,San Antonio,"1,436",https://fbref.com/en/matches/f837edd5/Las-Vegas-Lights-FC-San-Antonio-FC-April-6-2024-USL-Championship
60,,,,,
61,2024-04-09,Charleston,Louisville City,"4,465",https://fbref.com/en/matches/dff6062d/Charleston-Battery-Louisville-City-April-9-2024-USL-Championship
62,Date,Home,Away,Attendance,
63,2024-04-11,Miami FC,TB Rowdies,887,https://fbref.com/en/matches/b28ddd54/Miami-FC-Tampa-Bay-Rowdies-April-11-2024-USL-Championship
64,2024-04-13,Loudoun Utd,Memphis,"2,820",https://fbref.com/en/matches/2ad14032/Loudoun-United-Memphis-901-April-13-2024-USL-Championship
65,2024-04-13,Indy Eleven,Charleston,"8,556",https://fbref.com/en/matches/b5a5a396/Indy-Eleven-Charleston-Battery-April-13-2024-USL-Championship
66,2024-04-13,Rhode Island FC,Pittsburgh,"3,678",https://fbref.com/en/matches/59692a60/Rhode-Island-FC-Pittsburgh-Riverhounds-April-13-2024-USL-Championship
67,2024-04-14,North Carolina,B'ham Legion,"1,807",https://fbref.com/en/matches/fd2ca8d9/North-Carolina-FC-Birmingham-Legion-April-14-2024-USL-Championship
68,2024-04-13,Sac Republic,FC Tulsa,"8,891",https://fbref.com/en/matches/8c398c32/Sacramento-Republic-FC-Tulsa-April-13-2024-USL-Championship
69,2024-04-13,Monterey Bay,LV Lights FC,"3,524",https://fbref.com/en/matches/9c6327d6/Monterey-Bay-Las-Vegas-Lights-FC-April-13-2024-USL-Championship
70,2024-04-13,San Antonio,Orange County,"6,957",https://fbref.com/en/matches/ab49472f/San-Antonio-FC-Orange-County-SC-April-13-2024-USL-Championship
71,2024-04-13,Phx Rising,CS Switchbacks,"6,277",https://fbref.com/en/matches/d1ac32b0/Phoenix-Rising-Colorado-Springs-Switchbacks-April-13-2024-USL-Championship
72,2024-04-13,El Paso,Roots,"6,667",https://fbref.com/en/matches/0dedcceb/El-Paso-Locomotive-Oakland-Roots-April-13-2024-USL-Championship
73,,,,,
74,2024-04-20,Loudoun Utd,Louisville City,"2,879",https://fbref.com/en/matches/52adb6a6/Loudoun-United-Louisville-City-April-20-2024-USL-Championship
75,2024-04-20,Detroit City,Roots,"5,620",https://fbref.com/en/matches/66d134f5/Detroit-City-Oakland-Roots-April-20-2024-USL-Championship
76,2024-04-20,Hartford,San Antonio,"4,880",https://fbref.com/en/matches/3c3c14aa/Hartford-Athletic-San-Antonio-FC-April-20-2024-USL-Championship
77,2024-04-20,FC Tulsa,Charleston,"3,454",https://fbref.com/en/matches/3cf1a906/FC-Tulsa-Charleston-Battery-April-20-2024-USL-Championship
78,2024-04-20,Miami FC,B'ham Legion,"1,092",https://fbref.com/en/matches/50e9316c/Miami-FC-Birmingham-Legion-April-20-2024-USL-Championship
79,2024-04-20,North Carolina,New Mexico Utd,"1,916",https://fbref.com/en/matches/d299bea3/North-Carolina-FC-New-Mexico-United-April-20-2024-USL-Championship
80,2024-04-20,TB Rowdies,El Paso,"4,945",https://fbref.com/en/matches/bcdefdb8/Tampa-Bay-Rowdies-El-Paso-Locomotive-April-20-2024-USL-Championship
81,2024-04-20,LV Lights FC,Rhode Island FC,"1,943",https://fbref.com/en/matches/d491aa1f/Las-Vegas-Lights-FC-Rhode-Island-FC-April-20-2024-USL-Championship
82,2024-04-20,CS Switchbacks,Indy Eleven,"6,687",https://fbref.com/en/matches/613eca3d/Colorado-Springs-Switchbacks-Indy-Eleven-April-20-2024-USL-Championship
83,Date,Home,Away,Attendance,
84,2024-04-20,Orange County,Sac Republic,"4,200",https://fbref.com/en/matches/032bb17f/Orange-County-SC-Sacramento-Republic-April-20-2024-USL-Championship
85,2024-04-20,Memphis,Monterey Bay,"2,598",https://fbref.com/en/matches/488a2990/Memphis-901-Monterey-Bay-April-20-2024-USL-Championship
86,2024-04-20,Phx Rising,Pittsburgh,"6,759",https://fbref.com/en/matches/50328cdf/Phoenix-Rising-Pittsburgh-Riverhounds-April-20-2024-USL-Championship
87,,,,,
88,2024-04-26,Rhode Island FC,Phx Rising,"4,000",https://fbref.com/en/matches/29b2b163/Rhode-Island-FC-Phoenix-Rising-April-26-2024-USL-Championship
89,2024-04-27,Charleston,LV Lights FC,"4,520",https://fbref.com/en/matches/f4529a8e/Charleston-Battery-Las-Vegas-Lights-FC-April-27-2024-USL-Championship
90,2024-04-27,B'ham Legion,Memphis,"2,541",https://fbref.com/en/matches/564f6c09/Birmingham-Legion-Memphis-901-April-27-2024-USL-Championship
91,2024-04-27,Miami FC,San Antonio,"1,078",https://fbref.com/en/matches/330b515e/Miami-FC-San-Antonio-FC-April-27-2024-USL-Championship
92,2024-04-27,Indy Eleven,North Carolina,"10,071",https://fbref.com/en/matches/4a03b771/Indy-Eleven-North-Carolina-FC-April-27-2024-USL-Championship
93,2024-04-27,Pittsburgh,Detroit City,"6,099",https://fbref.com/en/matches/886a8531/Pittsburgh-Riverhounds-Detroit-City-April-27-2024-USL-Championship
94,2024-04-27,TB Rowdies,New Mexico Utd,"6,588",https://fbref.com/en/matches/232c0e51/Tampa-Bay-Rowdies-New-Mexico-United-April-27-2024-USL-Championship
95,2024-04-27,Louisville City,Hartford,"10,887",https://fbref.com/en/matches/fb9c1f99/Louisville-City-Hartford-Athletic-April-27-2024-USL-Championship
96,2024-04-27,Roots,CS Switchbacks,"3,430",https://fbref.com/en/matches/6a3695b3/Oakland-Roots-Colorado-Springs-Switchbacks-April-27-2024-USL-Championship
97,2024-04-27,Orange County,Monterey Bay,"4,588",https://fbref.com/en/matches/bdfa241e/Orange-County-SC-Monterey-Bay-April-27-2024-USL-Championship
98,2024-04-27,Sac Republic,Loudoun Utd,"10,246",https://fbref.com/en/matches/e9a8a2fe/Sacramento-Republic-Loudoun-United-April-27-2024-USL-Championship
99,2024-04-27,El Paso,FC Tulsa,"6,142",https://fbref.com/en/matches/6d529a83/El-Paso-Locomotive-FC-Tulsa-April-27-2024-USL-Championship
100,,,,,
101,2024-05-04,Memphis,TB Rowdies,"2,384",https://fbref.com/en/matches/c2ecb590/Memphis-901-Tampa-Bay-Rowdies-May-4-2024-USL-Championship
102,2024-05-04,Charleston,Hartford,"3,785",https://fbref.com/en/matches/3d6fa6fc/Charleston-Battery-Hartford-Athletic-May-4-2024-USL-Championship
103,2024-05-04,B'ham Legion,FC Tulsa,"2,541",https://fbref.com/en/matches/5e1962f3/Birmingham-Legion-FC-Tulsa-May-4-2024-USL-Championship
104,Date,Home,Away,Attendance,
105,2024-05-04,North Carolina,Rhode Island FC,"3,187",https://fbref.com/en/matches/15f9e306/North-Carolina-FC-Rhode-Island-FC-May-4-2024-USL-Championship
106,2024-05-04,Pittsburgh,Miami FC,"4,172",https://fbref.com/en/matches/49a41f33/Pittsburgh-Riverhounds-Miami-FC-May-4-2024-USL-Championship
107,2024-05-04,Loudoun Utd,Detroit City,"3,017",https://fbref.com/en/matches/d374804a/Loudoun-United-Detroit-City-May-4-2024-USL-Championship
108,2024-05-04,CS Switchbacks,El Paso,"8,023",https://fbref.com/en/matches/3a0e6b29/Colorado-Springs-Switchbacks-El-Paso-Locomotive-May-4-2024-USL-Championship
109,2024-05-04,Monterey Bay,Indy Eleven,"4,504",https://fbref.com/en/matches/c4f363f0/Monterey-Bay-Indy-Eleven-May-4-2024-USL-Championship
110,2024-05-04,San Antonio,Roots,"7,437",https://fbref.com/en/matches/9602daec/San-Antonio-FC-Oakland-Roots-May-4-2024-USL-Championship
111,2024-05-04,LV Lights FC,New Mexico Utd,"1,061",https://fbref.com/en/matches/b450ad97/Las-Vegas-Lights-FC-New-Mexico-United-May-4-2024-USL-Championship
112,2024-05-04,Phx Rising,Sac Republic,"5,595",https://fbref.com/en/matches/c92a8ab9/Phoenix-Rising-Sacramento-Republic-May-4-2024-USL-Championship
113,,,,,
114,2024-05-10,Loudoun Utd,El Paso,"1,836",https://fbref.com/en/matches/6a72a4fe/Loudoun-United-El-Paso-Locomotive-May-10-2024-USL-Championship
115,2024-05-11,Detroit City,Phx Rising,"6,538",https://fbref.com/en/matches/dd869b8e/Detroit-City-Phoenix-Rising-May-11-2024-USL-Championship
116,2024-05-11,Hartford,CS Switchbacks,"5,500",https://fbref.com/en/matches/06467fba/Hartford-Athletic-Colorado-Springs-Switchbacks-May-11-2024-USL-Championship
117,2024-05-11,Rhode Island FC,Sac Republic,"3,974",https://fbref.com/en/matches/1cc048a0/Rhode-Island-FC-Sacramento-Republic-May-11-2024-USL-Championship
118,2024-05-11,TB Rowdies,B'ham Legion,"5,433",https://fbref.com/en/matches/c2df53c7/Tampa-Bay-Rowdies-Birmingham-Legion-May-11-2024-USL-Championship
119,2024-05-11,Louisville City,Orange County,"10,239",https://fbref.com/en/matches/e6921c2c/Louisville-City-Orange-County-SC-May-11-2024-USL-Championship
120,2024-05-12,Miami FC,Indy Eleven,"1,004",https://fbref.com/en/matches/1c84d297/Miami-FC-Indy-Eleven-May-12-2024-USL-Championship
121,2024-05-11,New Mexico Utd,Roots,"11,568",https://fbref.com/en/matches/8fca8868/New-Mexico-United-Oakland-Roots-May-11-2024-USL-Championship
122,2024-05-11,Monterey Bay,Memphis,"3,580",https://fbref.com/en/matches/94d341b2/Monterey-Bay-Memphis-901-May-11-2024-USL-Championship
123,2024-05-11,FC Tulsa,Pittsburgh,"4,486",https://fbref.com/en/matches/1b80670f/FC-Tulsa-Pittsburgh-Riverhounds-May-11-2024-USL-Championship
124,2024-05-11,San Antonio,LV Lights FC,"7,218",https://fbref.com/en/matches/a14bbbb9/San-Antonio-FC-Las-Vegas-Lights-FC-May-11-2024-USL-Championship
125,Date,Home,Away,Attendance,
126,,,,,
127,2024-05-14,North Carolina,Loudoun Utd,"1,359",https://fbref.com/en/matches/36513c75/North-Carolina-FC-Loudoun-United-May-14-2024-USL-Championship
128,2024-05-15,B'ham Legion,Charleston,"3,937",https://fbref.com/en/matches/11d2e91c/Birmingham-Legion-Charleston-Battery-May-15-2024-USL-Championship
129,2024-05-18,Loudoun Utd,Monterey Bay,"1,525",https://fbref.com/en/matches/062b58d5/Loudoun-United-Monterey-Bay-May-18-2024-USL-Championship
130,2024-05-17,CS Switchbacks,Rhode Island FC,"8,023",https://fbref.com/en/matches/4da7212e/Colorado-Springs-Switchbacks-Rhode-Island-FC-May-17-2024-USL-Championship
131,2024-05-18,Indy Eleven,Hartford,"10,021",https://fbref.com/en/matches/6b615281/Indy-Eleven-Hartford-Athletic-May-18-2024-USL-Championship
132,2024-05-18,Pittsburgh,North Carolina,"5,113",https://fbref.com/en/matches/9c9db8e8/Pittsburgh-Riverhounds-North-Carolina-FC-May-18-2024-USL-Championship
133,2024-05-18,TB Rowdies,FC Tulsa,"5,277",https://fbref.com/en/matches/9ab40d92/Tampa-Bay-Rowdies-FC-Tulsa-May-18-2024-USL-Championship
134,2024-05-17,El Paso,Memphis,"6,004",https://fbref.com/en/matches/920a0fba/El-Paso-Locomotive-Memphis-901-May-17-2024-USL-Championship
135,2024-05-18,Roots,Orange County,"3,651",https://fbref.com/en/matches/1282e93f/Oakland-Roots-Orange-County-SC-May-18-2024-USL-Championship
136,2024-05-18,LV Lights FC,Louisville City,"1,048",https://fbref.com/en/matches/25e2991c/Las-Vegas-Lights-FC-Louisville-City-May-18-2024-USL-Championship
137,2024-05-18,Phx Rising,Miami FC,"8,081",https://fbref.com/en/matches/2bb91ddf/Phoenix-Rising-Miami-FC-May-18-2024-USL-Championship
138,,,,,
139,2024-05-24,Hartford,Monterey Bay,"4,083",https://fbref.com/en/matches/369b87ee/Hartford-Athletic-Monterey-Bay-May-24-2024-USL-Championship
140,2024-05-24,Charleston,El Paso,"3,257",https://fbref.com/en/matches/6f5132a8/Charleston-Battery-El-Paso-Locomotive-May-24-2024-USL-Championship
141,2024-05-25,Rhode Island FC,Louisville City,"4,914",https://fbref.com/en/matches/9be09733/Rhode-Island-FC-Louisville-City-May-25-2024-USL-Championship
142,2024-05-25,Miami FC,North Carolina,"1,039",https://fbref.com/en/matches/e49e7ff9/Miami-FC-North-Carolina-FC-May-25-2024-USL-Championship
143,2024-05-25,Indy Eleven,Phx Rising,"10,066",https://fbref.com/en/matches/eda6bff1/Indy-Eleven-Phoenix-Rising-May-25-2024-USL-Championship
144,2024-05-25,TB Rowdies,LV Lights FC,"5,753",https://fbref.com/en/matches/38537138/Tampa-Bay-Rowdies-Las-Vegas-Lights-FC-May-25-2024-USL-Championship
145,2024-05-24,FC Tulsa,Roots,"3,642",https://fbref.com/en/matches/71987515/FC-Tulsa-Oakland-Roots-May-24-2024-USL-Championship
146,Date,Home,Away,Attendance,
147,2024-05-25,New Mexico Utd,San Antonio,"8,539",https://fbref.com/en/matches/597b68ed/New-Mexico-United-San-Antonio-FC-May-25-2024-USL-Championship
148,2024-05-25,Orange County,Loudoun Utd,"4,342",https://fbref.com/en/matches/823af200/Orange-County-SC-Loudoun-United-May-25-2024-USL-Championship
149,2024-05-25,Sac Republic,B'ham Legion,"10,188",https://fbref.com/en/matches/8e3d6a3c/Sacramento-Republic-Birmingham-Legion-May-25-2024-USL-Championship
150,2024-05-25,Memphis,Pittsburgh,"3,020",https://fbref.com/en/matches/3d1906b6/Memphis-901-Pittsburgh-Riverhounds-May-25-2024-USL-Championship
151,,,,,
152,2024-05-29,Louisville City,Detroit City,"10,385",https://fbref.com/en/matches/e8244f3e/Louisville-City-Detroit-City-May-29-2024-USL-Championship
153,2024-05-29,Monterey Bay,Charleston,"3,423",https://fbref.com/en/matches/f8f15ae4/Monterey-Bay-Charleston-Battery-May-29-2024-USL-Championship
154,2024-06-01,Miami FC,Louisville City,"1,098",https://fbref.com/en/matches/6a173802/Miami-FC-Louisville-City-June-1-2024-USL-Championship
155,2024-06-01,Loudoun Utd,FC Tulsa,"3,505",https://fbref.com/en/matches/7fabf9f0/Loudoun-United-FC-Tulsa-June-1-2024-USL-Championship
156,2024-06-01,Pittsburgh,Indy Eleven,"5,002",https://fbref.com/en/matches/c5f569a0/Pittsburgh-Riverhounds-Indy-Eleven-June-1-2024-USL-Championship
157,2024-06-01,Hartford,Rhode Island FC,"5,500",https://fbref.com/en/matches/f2e3f31f/Hartford-Athletic-Rhode-Island-FC-June-1-2024-USL-Championship
158,2024-06-02,Monterey Bay,New Mexico Utd,"3,419",https://fbref.com/en/matches/0f06f2a9/Monterey-Bay-New-Mexico-United-June-2-2024-USL-Championship
159,2024-06-01,Sac Republic,TB Rowdies,"9,547",https://fbref.com/en/matches/67746972/Sacramento-Republic-Tampa-Bay-Rowdies-June-1-2024-USL-Championship
160,2024-06-01,Orange County,Detroit City,"3,537",https://fbref.com/en/matches/7d11d2e6/Orange-County-SC-Detroit-City-June-1-2024-USL-Championship
161,2024-06-01,CS Switchbacks,Roots,"7,366",https://fbref.com/en/matches/95e8b919/Colorado-Springs-Switchbacks-Oakland-Roots-June-1-2024-USL-Championship
162,2024-06-01,LV Lights FC,Phx Rising,"1,720",https://fbref.com/en/matches/c3a6aebf/Las-Vegas-Lights-FC-Phoenix-Rising-June-1-2024-USL-Championship
163,2024-06-01,El Paso,B'ham Legion,"5,707",https://fbref.com/en/matches/058d4c8e/El-Paso-Locomotive-Birmingham-Legion-June-1-2024-USL-Championship
164,2024-06-01,San Antonio,Memphis,"6,094",https://fbref.com/en/matches/533cef25/San-Antonio-FC-Memphis-901-June-1-2024-USL-Championship
165,,,,,
166,2024-06-05,San Antonio,El Paso,"5,805",https://fbref.com/en/matches/e7f3b145/San-Antonio-FC-El-Paso-Locomotive-June-5-2024-USL-Championship
167,Date,Home,Away,Attendance,
168,2024-06-08,Charleston,Pittsburgh,"3,626",https://fbref.com/en/matches/92e6c815/Charleston-Battery-Pittsburgh-Riverhounds-June-8-2024-USL-Championship
169,2024-06-08,Rhode Island FC,Detroit City,"4,108",https://fbref.com/en/matches/9f003ff9/Rhode-Island-FC-Detroit-City-June-8-2024-USL-Championship
170,2024-06-09,B'ham Legion,Indy Eleven,"2,147",https://fbref.com/en/matches/795de124/Birmingham-Legion-Indy-Eleven-June-9-2024-USL-Championship
171,2024-06-08,Roots,TB Rowdies,"6,408",https://fbref.com/en/matches/98528b66/Oakland-Roots-Tampa-Bay-Rowdies-June-8-2024-USL-Championship
172,2024-06-08,New Mexico Utd,Hartford,"10,884",https://fbref.com/en/matches/aa09cc65/New-Mexico-United-Hartford-Athletic-June-8-2024-USL-Championship
173,2024-06-08,Monterey Bay,Sac Republic,"3,309",https://fbref.com/en/matches/ff84dbd7/Monterey-Bay-Sacramento-Republic-June-8-2024-USL-Championship
174,2024-06-08,Memphis,CS Switchbacks,"3,090",https://fbref.com/en/matches/67d5041e/Memphis-901-Colorado-Springs-Switchbacks-June-8-2024-USL-Championship
175,2024-06-08,FC Tulsa,San Antonio,"5,073",https://fbref.com/en/matches/d40bcc02/FC-Tulsa-San-Antonio-FC-June-8-2024-USL-Championship
176,2024-06-08,LV Lights FC,Miami FC,"1,748",https://fbref.com/en/matches/e768e0ae/Las-Vegas-Lights-FC-Miami-FC-June-8-2024-USL-Championship
177,2024-06-08,Louisville City,North Carolina,"9,733",https://fbref.com/en/matches/da527798/Louisville-City-North-Carolina-FC-June-8-2024-USL-Championship
178,,,,,
179,2024-06-08,Phx Rising,Orange County,"5,032",https://fbref.com/en/matches/0445fcfb/Phoenix-Rising-Orange-County-SC-June-8-2024-USL-Championship
180,,,,,
181,2024-06-12,Memphis,Rhode Island FC,"2,188",https://fbref.com/en/matches/43509b8c/Memphis-901-Rhode-Island-FC-June-12-2024-USL-Championship
182,2024-06-14,Loudoun Utd,LV Lights FC,"3,580",https://fbref.com/en/matches/8deee1df/Loudoun-United-Las-Vegas-Lights-FC-June-14-2024-USL-Championship
183,2024-06-15,Detroit City,Charleston,"7,172",https://fbref.com/en/matches/ff428f96/Detroit-City-Charleston-Battery-June-15-2024-USL-Championship
184,2024-06-15,Indy Eleven,San Antonio,"10,491",https://fbref.com/en/matches/80383a13/Indy-Eleven-San-Antonio-FC-June-15-2024-USL-Championship
185,2024-06-15,Hartford,Pittsburgh,"4,747",https://fbref.com/en/matches/ecc25b9e/Hartford-Athletic-Pittsburgh-Riverhounds-June-15-2024-USL-Championship
186,2024-06-15,TB Rowdies,Louisville City,"5,393",https://fbref.com/en/matches/93120fc1/Tampa-Bay-Rowdies-Louisville-City-June-15-2024-USL-Championship
187,2024-06-16,North Carolina,Monterey Bay,"2,047",https://fbref.com/en/matches/88bc9b7c/North-Carolina-FC-Monterey-Bay-June-16-2024-USL-Championship
188,Date,Home,Away,Attendance,
189,2024-06-15,CS Switchbacks,Orange County,"8,023",https://fbref.com/en/matches/3dea20cd/Colorado-Springs-Switchbacks-Orange-County-SC-June-15-2024-USL-Championship
190,2024-06-15,Memphis,New Mexico Utd,"3,196",https://fbref.com/en/matches/df774317/Memphis-901-New-Mexico-United-June-15-2024-USL-Championship
191,2024-06-15,El Paso,Phx Rising,"5,802",https://fbref.com/en/matches/2a6c9dfa/El-Paso-Locomotive-Phoenix-Rising-June-15-2024-USL-Championship
192,2024-06-15,Sac Republic,Roots,"10,843",https://fbref.com/en/matches/5043274a/Sacramento-Republic-Oakland-Roots-June-15-2024-USL-Championship
193,,,,,
194,2024-06-18,LV Lights FC,CS Switchbacks,"1,339",https://fbref.com/en/matches/6689fed3/Las-Vegas-Lights-FC-Colorado-Springs-Switchbacks-June-18-2024-USL-Championship
195,2024-06-19,Pittsburgh,Louisville City,"5,084",https://fbref.com/en/matches/bbe3d4da/Pittsburgh-Riverhounds-Louisville-City-June-19-2024-USL-Championship
196,2024-06-19,B'ham Legion,San Antonio,"1,996",https://fbref.com/en/matches/92c3a6b5/Birmingham-Legion-San-Antonio-FC-June-19-2024-USL-Championship
197,2024-06-19,Roots,El Paso,"3,247",https://fbref.com/en/matches/ab6cadf6/Oakland-Roots-El-Paso-Locomotive-June-19-2024-USL-Championship
198,2024-06-19,FC Tulsa,Miami FC,"3,009",https://fbref.com/en/matches/91eb7db9/FC-Tulsa-Miami-FC-June-19-2024-USL-Championship
199,2024-06-21,Hartford,TB Rowdies,"5,500",https://fbref.com/en/matches/8070ef29/Hartford-Athletic-Tampa-Bay-Rowdies-June-21-2024-USL-Championship
200,2024-06-22,Monterey Bay,Roots,"4,330",https://fbref.com/en/matches/94ded15b/Monterey-Bay-Oakland-Roots-June-22-2024-USL-Championship
201,2024-06-22,Indy Eleven,Orange County,"9,490",https://fbref.com/en/matches/b448f054/Indy-Eleven-Orange-County-SC-June-22-2024-USL-Championship
202,2024-06-22,Miami FC,Loudoun Utd,846,https://fbref.com/en/matches/f28c76fe/Miami-FC-Loudoun-United-June-22-2024-USL-Championship
203,2024-06-22,North Carolina,Pittsburgh,"1,996",https://fbref.com/en/matches/742de973/North-Carolina-FC-Pittsburgh-Riverhounds-June-22-2024-USL-Championship
204,2024-06-22,New Mexico Utd,CS Switchbacks,"10,176",https://fbref.com/en/matches/4938c32b/New-Mexico-United-Colorado-Springs-Switchbacks-June-22-2024-USL-Championship
205,2024-06-22,FC Tulsa,Sac Republic,"3,433",https://fbref.com/en/matches/332d560a/FC-Tulsa-Sacramento-Republic-June-22-2024-USL-Championship
206,2024-06-22,LV Lights FC,Memphis,"1,657",https://fbref.com/en/matches/bd9b3ff0/Las-Vegas-Lights-FC-Memphis-901-June-22-2024-USL-Championship
207,2024-06-22,Phx Rising,Charleston,"7,244",https://fbref.com/en/matches/c717f393/Phoenix-Rising-Charleston-Battery-June-22-2024-USL-Championship
208,2024-06-22,Louisville City,Rhode Island FC,"9,197",https://fbref.com/en/matches/913cb6fb/Louisville-City-Rhode-Island-FC-June-22-2024-USL-Championship
209,Date,Home,Away,Attendance,
210,,,,,
211,2024-06-26,Detroit City,B'ham Legion,"6,244",https://fbref.com/en/matches/41b0abde/Detroit-City-Birmingham-Legion-June-26-2024-USL-Championship
212,2024-06-26,Rhode Island FC,El Paso,"3,481",https://fbref.com/en/matches/3e14c6ab/Rhode-Island-FC-El-Paso-Locomotive-June-26-2024-USL-Championship
213,2024-06-28,Charleston,North Carolina,"3,876",https://fbref.com/en/matches/e9ef6d36/Charleston-Battery-North-Carolina-FC-June-28-2024-USL-Championship
214,2024-06-29,B'ham Legion,Louisville City,"5,011",https://fbref.com/en/matches/0f06a7c3/Birmingham-Legion-Louisville-City-June-29-2024-USL-Championship
215,2024-06-29,Miami FC,Detroit City,"1,077",https://fbref.com/en/matches/6a75f419/Miami-FC-Detroit-City-June-29-2024-USL-Championship
216,2024-06-28,Memphis,Phx Rising,"2,775",https://fbref.com/en/matches/587249dd/Memphis-901-Phoenix-Rising-June-28-2024-USL-Championship
217,2024-06-29,Loudoun Utd,TB Rowdies,"3,076",https://fbref.com/en/matches/c72aa6ec/Loudoun-United-Tampa-Bay-Rowdies-June-29-2024-USL-Championship
218,2024-06-29,Orange County,Roots,"5,000",https://fbref.com/en/matches/ab99d5a2/Orange-County-SC-Oakland-Roots-June-29-2024-USL-Championship
219,2024-06-29,CS Switchbacks,Monterey Bay,"8,023",https://fbref.com/en/matches/bf8b0df3/Colorado-Springs-Switchbacks-Monterey-Bay-June-29-2024-USL-Championship
220,2024-06-29,LV Lights FC,Pittsburgh,"1,893",https://fbref.com/en/matches/16839537/Las-Vegas-Lights-FC-Pittsburgh-Riverhounds-June-29-2024-USL-Championship
221,2024-06-29,Sac Republic,Hartford,"9,249",https://fbref.com/en/matches/30d0d682/Sacramento-Republic-Hartford-Athletic-June-29-2024-USL-Championship
222,2024-06-29,San Antonio,New Mexico Utd,"6,625",https://fbref.com/en/matches/6e2bcd82/San-Antonio-FC-New-Mexico-United-June-29-2024-USL-Championship
223,,,,,
224,2024-07-03,Loudoun Utd,Hartford,"3,789",https://fbref.com/en/matches/a1639908/Loudoun-United-Hartford-Athletic-July-3-2024-USL-Championship
225,2024-07-03,New Mexico Utd,Orange County,"12,147",https://fbref.com/en/matches/0f1255d9/New-Mexico-United-Orange-County-SC-July-3-2024-USL-Championship
226,2024-07-03,Sac Republic,LV Lights FC,"8,988",https://fbref.com/en/matches/f1352f8e/Sacramento-Republic-Las-Vegas-Lights-FC-July-3-2024-USL-Championship
227,2024-07-04,CS Switchbacks,FC Tulsa,"8,023",https://fbref.com/en/matches/5daadf4c/Colorado-Springs-Switchbacks-FC-Tulsa-July-4-2024-USL-Championship
228,2024-07-05,Charleston,B'ham Legion,"3,396",https://fbref.com/en/matches/731dba70/Charleston-Battery-Birmingham-Legion-July-5-2024-USL-Championship
229,2024-07-05,Rhode Island FC,Indy Eleven,"4,728",https://fbref.com/en/matches/e36245f3/Rhode-Island-FC-Indy-Eleven-July-5-2024-USL-Championship
230,Date,Home,Away,Attendance,
231,2024-07-06,Detroit City,TB Rowdies,"6,403",https://fbref.com/en/matches/6408315b/Detroit-City-Tampa-Bay-Rowdies-July-6-2024-USL-Championship
232,2024-07-06,Pittsburgh,Monterey Bay,"5,018",https://fbref.com/en/matches/6b39c39d/Pittsburgh-Riverhounds-Monterey-Bay-July-6-2024-USL-Championship
233,2024-07-06,North Carolina,Miami FC,"2,161",https://fbref.com/en/matches/704a9100/North-Carolina-FC-Miami-FC-July-6-2024-USL-Championship
234,2024-07-06,Roots,Louisville City,"2,631",https://fbref.com/en/matches/4ad25a9d/Oakland-Roots-Louisville-City-July-6-2024-USL-Championship
235,2024-07-06,Orange County,Memphis,"3,725",https://fbref.com/en/matches/af58feda/Orange-County-SC-Memphis-901-July-6-2024-USL-Championship
236,2024-07-06,San Antonio,Phx Rising,"6,011",https://fbref.com/en/matches/50a283b9/San-Antonio-FC-Phoenix-Rising-July-6-2024-USL-Championship
237,,,,,
238,2024-07-12,Hartford,Charleston,"4,809",https://fbref.com/en/matches/cac0f399/Hartford-Athletic-Charleston-Battery-July-12-2024-USL-Championship
239,2024-07-13,Detroit City,Memphis,"6,122",https://fbref.com/en/matches/c1eb6f4d/Detroit-City-Memphis-901-July-13-2024-USL-Championship
240,2024-07-13,B'ham Legion,CS Switchbacks,"1,704",https://fbref.com/en/matches/d06d6360/Birmingham-Legion-Colorado-Springs-Switchbacks-July-13-2024-USL-Championship
241,2024-07-13,Miami FC,Rhode Island FC,"1,238",https://fbref.com/en/matches/5e808a2c/Miami-FC-Rhode-Island-FC-July-13-2024-USL-Championship
242,2024-07-13,Indy Eleven,Loudoun Utd,"9,672",https://fbref.com/en/matches/ba8c2864/Indy-Eleven-Loudoun-United-July-13-2024-USL-Championship
243,2024-07-13,Pittsburgh,Roots,"4,936",https://fbref.com/en/matches/c7beb7fc/Pittsburgh-Riverhounds-Oakland-Roots-July-13-2024-USL-Championship
244,2024-07-13,TB Rowdies,Orange County,"5,971",https://fbref.com/en/matches/8ddc3b28/Tampa-Bay-Rowdies-Orange-County-SC-July-13-2024-USL-Championship
245,2024-07-12,El Paso,LV Lights FC,"6,727",https://fbref.com/en/matches/6c9e0bda/El-Paso-Locomotive-Las-Vegas-Lights-FC-July-12-2024-USL-Championship
246,2024-07-13,Monterey Bay,FC Tulsa,"4,011",https://fbref.com/en/matches/c4466f31/Monterey-Bay-FC-Tulsa-July-13-2024-USL-Championship
247,2024-07-13,Sac Republic,North Carolina,"9,388",https://fbref.com/en/matches/55ba0767/Sacramento-Republic-North-Carolina-FC-July-13-2024-USL-Championship
248,,,,,
249,2024-07-17,B'ham Legion,Rhode Island FC,"4,136",https://fbref.com/en/matches/693480a1/Birmingham-Legion-Rhode-Island-FC-July-17-2024-USL-Championship
250,2024-07-19,Charleston,Miami FC,"2,883",https://fbref.com/en/matches/0d9fa6d1/Charleston-Battery-Miami-FC-July-19-2024-USL-Championship
251,Date,Home,Away,Attendance,
252,2024-07-19,North Carolina,Detroit City,"2,054",https://fbref.com/en/matches/6124cb6a/North-Carolina-FC-Detroit-City-July-19-2024-USL-Championship
253,2024-07-20,Indy Eleven,TB Rowdies,"10,636",https://fbref.com/en/matches/7578bed0/Indy-Eleven-Tampa-Bay-Rowdies-July-20-2024-USL-Championship
254,2024-07-19,Louisville City,CS Switchbacks,"10,418",https://fbref.com/en/matches/3d5783a0/Louisville-City-Colorado-Springs-Switchbacks-July-19-2024-USL-Championship
255,2024-07-19,Phx Rising,El Paso,"6,544",https://fbref.com/en/matches/bcda4ebe/Phoenix-Rising-El-Paso-Locomotive-July-19-2024-USL-Championship
256,2024-07-21,Roots,Sac Republic,"5,446",https://fbref.com/en/matches/f8fc7766/Oakland-Roots-Sacramento-Republic-July-21-2024-USL-Championship
257,2024-07-20,Orange County,San Antonio,"4,258",https://fbref.com/en/matches/45596dc4/Orange-County-SC-San-Antonio-FC-July-20-2024-USL-Championship
258,2024-07-20,New Mexico Utd,B'ham Legion,"9,096",https://fbref.com/en/matches/ead22496/New-Mexico-United-Birmingham-Legion-July-20-2024-USL-Championship
259,2024-07-20,FC Tulsa,Memphis,"3,950",https://fbref.com/en/matches/c1507721/FC-Tulsa-Memphis-901-July-20-2024-USL-Championship
260,2024-07-20,Pittsburgh,Hartford,"5,602",https://fbref.com/en/matches/95fba74f/Pittsburgh-Riverhounds-Hartford-Athletic-July-20-2024-USL-Championship
261,,,,,
262,2024-07-24,Loudoun Utd,Charleston,"2,512",https://fbref.com/en/matches/ecd794f1/Loudoun-United-Charleston-Battery-July-24-2024-USL-Championship
263,2024-07-26,Hartford,Phx Rising,"5,103",https://fbref.com/en/matches/605613fe/Hartford-Athletic-Phoenix-Rising-July-26-2024-USL-Championship
264,2024-07-27,B'ham Legion,Orange County,"4,023",https://fbref.com/en/matches/06d8f370/Birmingham-Legion-Orange-County-SC-July-27-2024-USL-Championship
265,2024-07-26,CS Switchbacks,LV Lights FC,"8,023",https://fbref.com/en/matches/559c598e/Colorado-Springs-Switchbacks-Las-Vegas-Lights-FC-July-26-2024-USL-Championship
266,2024-07-27,Miami FC,Roots,"1,041",https://fbref.com/en/matches/7dbcde8a/Miami-FC-Oakland-Roots-July-27-2024-USL-Championship
267,2024-07-27,Pittsburgh,Loudoun Utd,"5,613",https://fbref.com/en/matches/c28482fd/Pittsburgh-Riverhounds-Loudoun-United-July-27-2024-USL-Championship
268,2024-07-27,Detroit City,Sac Republic,"6,039",https://fbref.com/en/matches/d2145fce/Detroit-City-Sacramento-Republic-July-27-2024-USL-Championship
269,2024-07-27,TB Rowdies,Charleston,"5,705",https://fbref.com/en/matches/3eb4bd32/Tampa-Bay-Rowdies-Charleston-Battery-July-27-2024-USL-Championship
270,2024-07-26,FC Tulsa,Indy Eleven,"3,490",https://fbref.com/en/matches/61bf774d/FC-Tulsa-Indy-Eleven-July-26-2024-USL-Championship
271,2024-07-27,Rhode Island FC,North Carolina,"4,045",https://fbref.com/en/matches/e53a4fc3/Rhode-Island-FC-North-Carolina-FC-July-27-2024-USL-Championship
272,Date,Home,Away,Attendance,
273,2024-07-27,Memphis,San Antonio,"3,594",https://fbref.com/en/matches/eb8bb41a/Memphis-901-San-Antonio-FC-July-27-2024-USL-Championship
274,2024-07-27,Louisville City,Monterey Bay,"9,701",https://fbref.com/en/matches/1261c1cb/Louisville-City-Monterey-Bay-July-27-2024-USL-Championship
275,2024-07-27,El Paso,New Mexico Utd,"5,577",https://fbref.com/en/matches/f83e1306/El-Paso-Locomotive-New-Mexico-United-July-27-2024-USL-Championship
276,,,,,
277,2024-07-31,Hartford,Detroit City,"4,675",https://fbref.com/en/matches/e229a78c/Hartford-Athletic-Detroit-City-July-31-2024-USL-Championship
278,2024-07-31,New Mexico Utd,LV Lights FC,"7,558",https://fbref.com/en/matches/74421f6d/New-Mexico-United-Las-Vegas-Lights-FC-July-31-2024-USL-Championship
279,2024-08-02,Charleston,Indy Eleven,"2,845",https://fbref.com/en/matches/e5931248/Charleston-Battery-Indy-Eleven-August-2-2024-USL-Championship
280,2024-08-03,Detroit City,Rhode Island FC,"6,862",https://fbref.com/en/matches/db43438e/Detroit-City-Rhode-Island-FC-August-3-2024-USL-Championship
281,2024-08-03,B'ham Legion,Hartford,"4,017",https://fbref.com/en/matches/d0559d65/Birmingham-Legion-Hartford-Athletic-August-3-2024-USL-Championship
282,2024-08-03,Loudoun Utd,Miami FC,"1,876",https://fbref.com/en/matches/7c76dbd4/Loudoun-United-Miami-FC-August-3-2024-USL-Championship
283,2024-08-03,Sac Republic,Pittsburgh,"9,459",https://fbref.com/en/matches/0711e888/Sacramento-Republic-Pittsburgh-Riverhounds-August-3-2024-USL-Championship
284,2024-08-03,Orange County,North Carolina,"3,353",https://fbref.com/en/matches/0c08bae8/Orange-County-SC-North-Carolina-FC-August-3-2024-USL-Championship
285,2024-08-03,CS Switchbacks,Phx Rising,"8,023",https://fbref.com/en/matches/595b7041/Colorado-Springs-Switchbacks-Phoenix-Rising-August-3-2024-USL-Championship
286,2024-08-03,Monterey Bay,TB Rowdies,"4,024",https://fbref.com/en/matches/8bd459b5/Monterey-Bay-Tampa-Bay-Rowdies-August-3-2024-USL-Championship
287,2024-08-03,New Mexico Utd,Louisville City,"9,376",https://fbref.com/en/matches/d9eea79b/New-Mexico-United-Louisville-City-August-3-2024-USL-Championship
288,2024-08-03,Memphis,El Paso,"2,714",https://fbref.com/en/matches/6b6b2937/Memphis-901-El-Paso-Locomotive-August-3-2024-USL-Championship
289,2024-08-03,San Antonio,FC Tulsa,"6,356",https://fbref.com/en/matches/eaf5b070/San-Antonio-FC-FC-Tulsa-August-3-2024-USL-Championship
290,,,,,
291,2024-08-07,Detroit City,Pittsburgh,"7,166",https://fbref.com/en/matches/36ce69dd/Detroit-City-Pittsburgh-Riverhounds-August-7-2024-USL-Championship
292,2024-08-07,Indy Eleven,Rhode Island FC,"8,091",https://fbref.com/en/matches/49bda99d/Indy-Eleven-Rhode-Island-FC-August-7-2024-USL-Championship
293,Date,Home,Away,Attendance,
294,2024-08-10,Pittsburgh,San Antonio,"5,388",https://fbref.com/en/matches/a9f90632/Pittsburgh-Riverhounds-San-Antonio-FC-August-10-2024-USL-Championship
295,2024-08-10,North Carolina,CS Switchbacks,"2,387",https://fbref.com/en/matches/0a1ef1fa/North-Carolina-FC-Colorado-Springs-Switchbacks-August-10-2024-USL-Championship
296,2024-08-10,Charleston,Memphis,"2,579",https://fbref.com/en/matches/4e9916d7/Charleston-Battery-Memphis-901-August-10-2024-USL-Championship
297,2024-08-09,FC Tulsa,Orange County,"4,411",https://fbref.com/en/matches/5b224bb8/FC-Tulsa-Orange-County-SC-August-9-2024-USL-Championship
298,2024-08-10,Rhode Island FC,Hartford,"5,252",https://fbref.com/en/matches/6d4cba23/Rhode-Island-FC-Hartford-Athletic-August-10-2024-USL-Championship
299,2024-08-11,Indy Eleven,New Mexico Utd,"10,013",https://fbref.com/en/matches/6705b762/Indy-Eleven-New-Mexico-United-August-11-2024-USL-Championship
300,2024-08-10,Monterey Bay,B'ham Legion,"4,009",https://fbref.com/en/matches/237f5742/Monterey-Bay-Birmingham-Legion-August-10-2024-USL-Championship
301,2024-08-10,Roots,Loudoun Utd,"3,516",https://fbref.com/en/matches/e0c35d48/Oakland-Roots-Loudoun-United-August-10-2024-USL-Championship
302,2024-08-10,LV Lights FC,Detroit City,"1,990",https://fbref.com/en/matches/3d97da1d/Las-Vegas-Lights-FC-Detroit-City-August-10-2024-USL-Championship
303,2024-08-10,Phx Rising,TB Rowdies,"4,190",https://fbref.com/en/matches/1b4a4abd/Phoenix-Rising-Tampa-Bay-Rowdies-August-10-2024-USL-Championship
304,2024-08-10,El Paso,Miami FC,"7,067",https://fbref.com/en/matches/bc133698/El-Paso-Locomotive-Miami-FC-August-10-2024-USL-Championship
305,2024-08-10,Louisville City,Sac Republic,"8,768",https://fbref.com/en/matches/9ab68cac/Louisville-City-Sacramento-Republic-August-10-2024-USL-Championship
306,,,,,
307,2024-08-14,Miami FC,Memphis,563,https://fbref.com/en/matches/df2fb421/Miami-FC-Memphis-901-August-14-2024-USL-Championship
308,2024-08-14,New Mexico Utd,FC Tulsa,"7,015",https://fbref.com/en/matches/88643d26/New-Mexico-United-FC-Tulsa-August-14-2024-USL-Championship
309,2024-08-14,Sac Republic,El Paso,"8,688",https://fbref.com/en/matches/8b130d8f/Sacramento-Republic-El-Paso-Locomotive-August-14-2024-USL-Championship
310,2024-08-17,Hartford,LV Lights FC,"4,933",https://fbref.com/en/matches/880a9e76/Hartford-Athletic-Las-Vegas-Lights-FC-August-17-2024-USL-Championship
311,2024-08-16,B'ham Legion,Detroit City,"4,123",https://fbref.com/en/matches/d427620f/Birmingham-Legion-Detroit-City-August-16-2024-USL-Championship
312,2024-08-17,Pittsburgh,CS Switchbacks,"4,332",https://fbref.com/en/matches/e6f6ea2a/Pittsburgh-Riverhounds-Colorado-Springs-Switchbacks-August-17-2024-USL-Championship
313,2024-08-17,Rhode Island FC,Roots,,https://fbref.com/en/matches/059e40d2/Rhode-Island-FC-Oakland-Roots-August-17-2024-USL-Championship
314,Date,Home,Away,Attendance,
315,2024-08-17,TB Rowdies,Loudoun Utd,,https://fbref.com/en/matches/aae44249/Tampa-Bay-Rowdies-Loudoun-United-August-17-2024-USL-Championship
316,2024-08-17,Orange County,El Paso,"4,001",https://fbref.com/en/matches/7a7847ae/Orange-County-SC-El-Paso-Locomotive-August-17-2024-USL-Championship
317,2024-08-17,New Mexico Utd,Monterey Bay,"8,868",https://fbref.com/en/matches/d4879a74/New-Mexico-United-Monterey-Bay-August-17-2024-USL-Championship
318,2024-08-17,Memphis,FC Tulsa,"2,868",https://fbref.com/en/matches/0f21eeeb/Memphis-901-FC-Tulsa-August-17-2024-USL-Championship
319,2024-08-17,Louisville City,Charleston,"13,526",https://fbref.com/en/matches/0733af06/Louisville-City-Charleston-Battery-August-17-2024-USL-Championship
320,2024-08-17,San Antonio,North Carolina,"6,729",https://fbref.com/en/matches/84d69f84/San-Antonio-FC-North-Carolina-FC-August-17-2024-USL-Championship
321,,,,,
322,2024-08-21,TB Rowdies,Detroit City,"3,159",https://fbref.com/en/matches/d348a310/Tampa-Bay-Rowdies-Detroit-City-August-21-2024-USL-Championship
323,2024-08-24,B'ham Legion,Pittsburgh,"3,945",https://fbref.com/en/matches/30883f4c/Birmingham-Legion-Pittsburgh-Riverhounds-August-24-2024-USL-Championship
324,2024-08-24,Hartford,Louisville City,"5,500",https://fbref.com/en/matches/3929a697/Hartford-Athletic-Louisville-City-August-24-2024-USL-Championship
325,2024-08-24,Detroit City,FC Tulsa,"6,124",https://fbref.com/en/matches/92c53c7b/Detroit-City-FC-Tulsa-August-24-2024-USL-Championship
326,2024-08-24,TB Rowdies,Miami FC,"6,310",https://fbref.com/en/matches/3197c3f6/Tampa-Bay-Rowdies-Miami-FC-August-24-2024-USL-Championship
327,2024-08-24,Loudoun Utd,Rhode Island FC,"4,017",https://fbref.com/en/matches/44697c5f/Loudoun-United-Rhode-Island-FC-August-24-2024-USL-Championship
328,2024-08-24,Charleston,Orange County,"4,302",https://fbref.com/en/matches/df5bb6d2/Charleston-Battery-Orange-County-SC-August-24-2024-USL-Championship
329,2024-08-24,CS Switchbacks,New Mexico Utd,"8,023",https://fbref.com/en/matches/95a2615b/Colorado-Springs-Switchbacks-New-Mexico-United-August-24-2024-USL-Championship
330,2024-08-24,Roots,Memphis,"3,041",https://fbref.com/en/matches/9a898b91/Oakland-Roots-Memphis-901-August-24-2024-USL-Championship
331,2024-08-24,Monterey Bay,El Paso,"5,199",https://fbref.com/en/matches/f3cb43d5/Monterey-Bay-El-Paso-Locomotive-August-24-2024-USL-Championship
332,2024-08-24,LV Lights FC,Indy Eleven,"4,532",https://fbref.com/en/matches/62afb9f7/Las-Vegas-Lights-FC-Indy-Eleven-August-24-2024-USL-Championship
333,2024-08-24,Phx Rising,North Carolina,"5,000",https://fbref.com/en/matches/c8e86e77/Phoenix-Rising-North-Carolina-FC-August-24-2024-USL-Championship
334,2024-08-24,Sac Republic,San Antonio,"11,569",https://fbref.com/en/matches/e613f498/Sacramento-Republic-San-Antonio-FC-August-24-2024-USL-Championship
335,Date,Home,Away,Attendance,
336,,,,,
337,2024-08-28,CS Switchbacks,Memphis,"7,481",https://fbref.com/en/matches/b98509a8/Colorado-Springs-Switchbacks-Memphis-901-August-28-2024-USL-Championship
338,2024-08-31,Roots,New Mexico Utd,"3,431",https://fbref.com/en/matches/057c5343/Oakland-Roots-New-Mexico-United-August-31-2024-USL-Championship
339,2024-08-31,Indy Eleven,Pittsburgh,"10,319",https://fbref.com/en/matches/34e4c5f7/Indy-Eleven-Pittsburgh-Riverhounds-August-31-2024-USL-Championship
340,2024-08-31,Detroit City,Hartford,"6,047",https://fbref.com/en/matches/51aa66bb/Detroit-City-Hartford-Athletic-August-31-2024-USL-Championship
341,2024-08-31,Miami FC,Monterey Bay,"1,013",https://fbref.com/en/matches/7de72808/Miami-FC-Monterey-Bay-August-31-2024-USL-Championship
342,2024-08-31,Rhode Island FC,B'ham Legion,"3,713",https://fbref.com/en/matches/35a17a03/Rhode-Island-FC-Birmingham-Legion-August-31-2024-USL-Championship
343,2024-08-31,North Carolina,Louisville City,"2,219",https://fbref.com/en/matches/68d4be62/North-Carolina-FC-Louisville-City-August-31-2024-USL-Championship
344,2024-08-31,Loudoun Utd,Phx Rising,"1,890",https://fbref.com/en/matches/6ea3fae1/Loudoun-United-Phoenix-Rising-August-31-2024-USL-Championship
345,2024-09-01,FC Tulsa,CS Switchbacks,"3,666",https://fbref.com/en/matches/0c65aec2/FC-Tulsa-Colorado-Springs-Switchbacks-September-1-2024-USL-Championship
346,2024-08-31,Orange County,LV Lights FC,"3,579",https://fbref.com/en/matches/b5060a13/Orange-County-SC-Las-Vegas-Lights-FC-August-31-2024-USL-Championship
347,2024-08-31,San Antonio,Charleston,"6,367",https://fbref.com/en/matches/c780515a/San-Antonio-FC-Charleston-Battery-August-31-2024-USL-Championship
348,,,,,
349,2024-09-06,Louisville City,Loudoun Utd,"8,207",https://fbref.com/en/matches/264f309d/Louisville-City-Loudoun-United-September-6-2024-USL-Championship
350,2024-09-07,Hartford,Indy Eleven,"5,283",https://fbref.com/en/matches/5df2c3f2/Hartford-Athletic-Indy-Eleven-September-7-2024-USL-Championship
351,2024-09-06,New Mexico Utd,Miami FC,"9,069",https://fbref.com/en/matches/694db5b0/New-Mexico-United-Miami-FC-September-6-2024-USL-Championship
352,2024-09-07,Pittsburgh,Rhode Island FC,"5,619",https://fbref.com/en/matches/fb36c77c/Pittsburgh-Riverhounds-Rhode-Island-FC-September-7-2024-USL-Championship
353,2024-09-07,Charleston,Sac Republic,"3,525",https://fbref.com/en/matches/5ccc6cd7/Charleston-Battery-Sacramento-Republic-September-7-2024-USL-Championship
354,2024-09-07,North Carolina,Roots,"1,946",https://fbref.com/en/matches/e97d91f7/North-Carolina-FC-Oakland-Roots-September-7-2024-USL-Championship
355,2024-09-06,Phx Rising,FC Tulsa,"4,937",https://fbref.com/en/matches/0b5644f9/Phoenix-Rising-FC-Tulsa-September-6-2024-USL-Championship
356,Date,Home,Away,Attendance,
357,2024-09-07,Monterey Bay,San Antonio,"3,827",https://fbref.com/en/matches/21e810c6/Monterey-Bay-San-Antonio-FC-September-7-2024-USL-Championship
358,2024-09-07,CS Switchbacks,TB Rowdies,"7,362",https://fbref.com/en/matches/5f06d4d5/Colorado-Springs-Switchbacks-Tampa-Bay-Rowdies-September-7-2024-USL-Championship
359,2024-09-07,El Paso,Detroit City,"5,764",https://fbref.com/en/matches/26f7ea22/El-Paso-Locomotive-Detroit-City-September-7-2024-USL-Championship
360,,,,,
361,2024-09-11,Memphis,Hartford,"3,013",https://fbref.com/en/matches/3cef43f2/Memphis-901-Hartford-Athletic-September-11-2024-USL-Championship
362,2024-09-11,B'ham Legion,TB Rowdies,"5,058",https://fbref.com/en/matches/e52d6c54/Birmingham-Legion-Tampa-Bay-Rowdies-September-11-2024-USL-Championship
363,2024-09-11,FC Tulsa,LV Lights FC,"2,663",https://fbref.com/en/matches/03bdcdb7/FC-Tulsa-Las-Vegas-Lights-FC-September-11-2024-USL-Championship
364,2024-09-14,Loudoun Utd,B'ham Legion,"3,120",https://fbref.com/en/matches/364a79d4/Loudoun-United-Birmingham-Legion-September-14-2024-USL-Championship
365,2024-09-14,Indy Eleven,El Paso,"10,132",https://fbref.com/en/matches/b3ba28ee/Indy-Eleven-El-Paso-Locomotive-September-14-2024-USL-Championship
366,2024-09-14,Miami FC,Hartford,"1,196",https://fbref.com/en/matches/d9d1e6b4/Miami-FC-Hartford-Athletic-September-14-2024-USL-Championship
367,2024-09-14,Detroit City,New Mexico Utd,"5,738",https://fbref.com/en/matches/da32da4a/Detroit-City-New-Mexico-United-September-14-2024-USL-Championship
368,2024-09-14,TB Rowdies,Pittsburgh,"4,851",https://fbref.com/en/matches/810b8772/Tampa-Bay-Rowdies-Pittsburgh-Riverhounds-September-14-2024-USL-Championship
369,2024-09-14,CS Switchbacks,Charleston,"8,023",https://fbref.com/en/matches/2fd0fcd0/Colorado-Springs-Switchbacks-Charleston-Battery-September-14-2024-USL-Championship
370,2024-09-14,Memphis,North Carolina,"2,610",https://fbref.com/en/matches/39074473/Memphis-901-North-Carolina-FC-September-14-2024-USL-Championship
371,2024-09-14,Sac Republic,Phx Rising,"11,569",https://fbref.com/en/matches/b5ffe8b1/Sacramento-Republic-Phoenix-Rising-September-14-2024-USL-Championship
372,2024-09-14,Orange County,Rhode Island FC,,https://fbref.com/en/matches/ba13ea46/Orange-County-SC-Rhode-Island-FC-September-14-2024-USL-Championship
373,2024-09-14,Roots,San Antonio,"3,841",https://fbref.com/en/matches/fcf2e586/Oakland-Roots-San-Antonio-FC-September-14-2024-USL-Championship
374,2024-09-14,LV Lights FC,Monterey Bay,,https://fbref.com/en/matches/16f3b7ff/Las-Vegas-Lights-FC-Monterey-Bay-September-14-2024-USL-Championship
375,2024-09-14,FC Tulsa,Louisville City,"2,818",https://fbref.com/en/matches/787ebe49/FC-Tulsa-Louisville-City-September-14-2024-USL-Championship
376,,,,,
377,Date,Home,Away,Attendance,
378,2024-09-18,New Mexico Utd,Sac Republic,"7,193",https://fbref.com/en/matches/f7e3830e/New-Mexico-United-Sacramento-Republic-September-18-2024-USL-Championship
379,2024-09-21,Hartford,Roots,"5,500",https://fbref.com/en/matches/cb6c32b6/Hartford-Athletic-Oakland-Roots-September-21-2024-USL-Championship
380,2024-09-21,Charleston,TB Rowdies,"4,366",https://fbref.com/en/matches/9fde8b20/Charleston-Battery-Tampa-Bay-Rowdies-September-21-2024-USL-Championship
381,2024-09-21,North Carolina,Indy Eleven,"2,478",https://fbref.com/en/matches/a0de5e58/North-Carolina-FC-Indy-Eleven-September-21-2024-USL-Championship
382,2024-09-21,Rhode Island FC,FC Tulsa,"5,252",https://fbref.com/en/matches/f53a3e50/Rhode-Island-FC-FC-Tulsa-September-21-2024-USL-Championship
383,2024-09-22,New Mexico Utd,Loudoun Utd,,https://fbref.com/en/matches/5a98f14f/New-Mexico-United-Loudoun-United-September-22-2024-USL-Championship
384,2024-09-22,Detroit City,Louisville City,,https://fbref.com/en/matches/3d1410bf/Detroit-City-Louisville-City-September-22-2024-USL-Championship
385,2024-09-22,B'ham Legion,Miami FC,"4,279",https://fbref.com/en/matches/720ace0a/Birmingham-Legion-Miami-FC-September-22-2024-USL-Championship
386,2024-09-21,Monterey Bay,Orange County,"3,912",https://fbref.com/en/matches/9537cb18/Monterey-Bay-Orange-County-SC-September-21-2024-USL-Championship
387,2024-09-21,Phx Rising,San Antonio,"4,844",https://fbref.com/en/matches/455099e2/Phoenix-Rising-San-Antonio-FC-September-21-2024-USL-Championship
388,2024-09-21,LV Lights FC,Sac Republic,"2,240",https://fbref.com/en/matches/fd82005c/Las-Vegas-Lights-FC-Sacramento-Republic-September-21-2024-USL-Championship
389,2024-09-21,El Paso,CS Switchbacks,"5,422",https://fbref.com/en/matches/6cfa4a99/El-Paso-Locomotive-Colorado-Springs-Switchbacks-September-21-2024-USL-Championship
390,,,,,
391,2024-09-25,Orange County,Phx Rising,"3,018",https://fbref.com/en/matches/20398c18/Orange-County-SC-Phoenix-Rising-September-25-2024-USL-Championship
392,2024-09-28,El Paso,North Carolina,"4,014",https://fbref.com/en/matches/dbecaeb9/El-Paso-Locomotive-North-Carolina-FC-September-28-2024-USL-Championship
393,2024-09-28,Pittsburgh,B'ham Legion,"5,537",https://fbref.com/en/matches/3b80d5d4/Pittsburgh-Riverhounds-Birmingham-Legion-September-28-2024-USL-Championship
394,2024-09-28,Indy Eleven,Miami FC,"10,145",https://fbref.com/en/matches/6b2f7158/Indy-Eleven-Miami-FC-September-28-2024-USL-Championship
395,2024-09-28,Louisville City,Memphis,"6,197",https://fbref.com/en/matches/46a99648/Louisville-City-Memphis-901-September-28-2024-USL-Championship
396,2024-09-29,Roots,FC Tulsa,"4,190",https://fbref.com/en/matches/ad4934d1/Oakland-Roots-FC-Tulsa-September-29-2024-USL-Championship
397,2024-09-28,CS Switchbacks,Loudoun Utd,"8,023",https://fbref.com/en/matches/fa918670/Colorado-Springs-Switchbacks-Loudoun-United-September-28-2024-USL-Championship
398,Date,Home,Away,Attendance,
399,2024-09-28,Monterey Bay,Detroit City,"4,742",https://fbref.com/en/matches/a4972dc8/Monterey-Bay-Detroit-City-September-28-2024-USL-Championship
400,2024-09-28,San Antonio,Rhode Island FC,"6,620",https://fbref.com/en/matches/1cc18791/San-Antonio-FC-Rhode-Island-FC-September-28-2024-USL-Championship
401,2024-09-28,Phx Rising,LV Lights FC,,https://fbref.com/en/matches/9595dd77/Phoenix-Rising-Las-Vegas-Lights-FC-September-28-2024-USL-Championship
402,2024-09-29,Sac Republic,New Mexico Utd,"11,569",https://fbref.com/en/matches/1abc7724/Sacramento-Republic-New-Mexico-United-September-29-2024-USL-Championship
403,,,,,
404,2024-10-02,Louisville City,Miami FC,"8,020",https://fbref.com/en/matches/965de793/Louisville-City-Miami-FC-October-2-2024-USL-Championship
405,2024-10-05,Charleston,Detroit City,"4,610",https://fbref.com/en/matches/076e834e/Charleston-Battery-Detroit-City-October-5-2024-USL-Championship
406,2024-10-05,Indy Eleven,Louisville City,"10,780",https://fbref.com/en/matches/279c490b/Indy-Eleven-Louisville-City-October-5-2024-USL-Championship
407,2024-10-05,Hartford,Loudoun Utd,"5,500",https://fbref.com/en/matches/7214f5e2/Hartford-Athletic-Loudoun-United-October-5-2024-USL-Championship
408,2024-10-05,Miami FC,Pittsburgh,"1,823",https://fbref.com/en/matches/e1331f53/Miami-FC-Pittsburgh-Riverhounds-October-5-2024-USL-Championship
409,2024-10-04,Phx Rising,Monterey Bay,"5,757",https://fbref.com/en/matches/6c8f53ab/Phoenix-Rising-Monterey-Bay-October-4-2024-USL-Championship
410,2024-10-05,Rhode Island FC,TB Rowdies,"3,991",https://fbref.com/en/matches/b44619ec/Rhode-Island-FC-Tampa-Bay-Rowdies-October-5-2024-USL-Championship
411,2024-10-06,B'ham Legion,North Carolina,,https://fbref.com/en/matches/a8009835/Birmingham-Legion-North-Carolina-FC-October-6-2024-USL-Championship
412,2024-10-05,Memphis,Roots,"3,195",https://fbref.com/en/matches/7f02c13a/Memphis-901-Oakland-Roots-October-5-2024-USL-Championship
413,2024-10-05,San Antonio,Sac Republic,,https://fbref.com/en/matches/3602c16e/San-Antonio-FC-Sacramento-Republic-October-5-2024-USL-Championship
414,2024-10-05,FC Tulsa,El Paso,"3,092",https://fbref.com/en/matches/d1db20af/FC-Tulsa-El-Paso-Locomotive-October-5-2024-USL-Championship
415,2024-10-05,LV Lights FC,Orange County,,https://fbref.com/en/matches/fb033d42/Las-Vegas-Lights-FC-Orange-County-SC-October-5-2024-USL-Championship
416,,,,,
417,2024-10-08,Loudoun Utd,Indy Eleven,"1,787",https://fbref.com/en/matches/0e0b2a9f/Loudoun-United-Indy-Eleven-October-8-2024-USL-Championship
418,2024-10-09,North Carolina,FC Tulsa,"1,959",https://fbref.com/en/matches/dc455a12/North-Carolina-FC-FC-Tulsa-October-9-2024-USL-Championship
419,Date,Home,Away,Attendance,
420,2024-10-09,New Mexico Utd,Phx Rising,"8,319",https://fbref.com/en/matches/548ec7b9/New-Mexico-United-Phoenix-Rising-October-9-2024-USL-Championship
421,2024-10-09,Orange County,CS Switchbacks,"4,130",https://fbref.com/en/matches/b9934323/Orange-County-SC-Colorado-Springs-Switchbacks-October-9-2024-USL-Championship
422,2024-10-09,Sac Republic,Monterey Bay,"8,988",https://fbref.com/en/matches/eec4ea9a/Sacramento-Republic-Monterey-Bay-October-9-2024-USL-Championship
423,2024-10-09,El Paso,San Antonio,,https://fbref.com/en/matches/19c2c40d/El-Paso-Locomotive-San-Antonio-FC-October-9-2024-USL-Championship
424,2024-10-12,Detroit City,Indy Eleven,"6,240",https://fbref.com/en/matches/95453e80/Detroit-City-Indy-Eleven-October-12-2024-USL-Championship
425,2024-10-12,Pittsburgh,Charleston,"5,025",https://fbref.com/en/matches/49ae0aa6/Pittsburgh-Riverhounds-Charleston-Battery-October-12-2024-USL-Championship
426,2024-10-12,Hartford,North Carolina,"5,500",https://fbref.com/en/matches/63a7b035/Hartford-Athletic-North-Carolina-FC-October-12-2024-USL-Championship
427,2024-10-12,Louisville City,TB Rowdies,"9,940",https://fbref.com/en/matches/f82cefd8/Louisville-City-Tampa-Bay-Rowdies-October-12-2024-USL-Championship
428,2024-10-13,Rhode Island FC,Loudoun Utd,"4,179",https://fbref.com/en/matches/6259cd27/Rhode-Island-FC-Loudoun-United-October-13-2024-USL-Championship
429,2024-10-13,B'ham Legion,LV Lights FC,"4,761",https://fbref.com/en/matches/076ef68d/Birmingham-Legion-Las-Vegas-Lights-FC-October-13-2024-USL-Championship
430,2024-10-12,CS Switchbacks,San Antonio,"8,023",https://fbref.com/en/matches/3698878f/Colorado-Springs-Switchbacks-San-Antonio-FC-October-12-2024-USL-Championship
431,2024-10-12,Memphis,Sac Republic,"4,688",https://fbref.com/en/matches/4fcc230a/Memphis-901-Sacramento-Republic-October-12-2024-USL-Championship
432,2024-10-12,Roots,Phx Rising,"5,252",https://fbref.com/en/matches/986f8e14/Oakland-Roots-Phoenix-Rising-October-12-2024-USL-Championship
433,2024-10-12,FC Tulsa,New Mexico Utd,"3,388",https://fbref.com/en/matches/c2afea8c/FC-Tulsa-New-Mexico-United-October-12-2024-USL-Championship
434,,,,,
435,2024-10-16,El Paso,Orange County,"6,004",https://fbref.com/en/matches/71dbacad/El-Paso-Locomotive-Orange-County-SC-October-16-2024-USL-Championship
436,2024-10-19,Detroit City,Miami FC,"6,564",https://fbref.com/en/matches/9d493829/Detroit-City-Miami-FC-October-19-2024-USL-Championship
437,2024-10-19,FC Tulsa,Hartford,,https://fbref.com/en/matches/4c14b852/FC-Tulsa-Hartford-Athletic-October-19-2024-USL-Championship
438,2024-10-19,TB Rowdies,North Carolina,,https://fbref.com/en/matches/b81e2013/Tampa-Bay-Rowdies-North-Carolina-FC-October-19-2024-USL-Championship
439,2024-10-19,Loudoun Utd,Pittsburgh,"4,589",https://fbref.com/en/matches/b568e502/Loudoun-United-Pittsburgh-Riverhounds-October-19-2024-USL-Championship
440,Date,Home,Away,Attendance,
441,2024-10-19,Indy Eleven,B'ham Legion,"10,540",https://fbref.com/en/matches/c1f53be4/Indy-Eleven-Birmingham-Legion-October-19-2024-USL-Championship
442,2024-10-19,Charleston,Rhode Island FC,"3,480",https://fbref.com/en/matches/f5137e30/Charleston-Battery-Rhode-Island-FC-October-19-2024-USL-Championship
443,2024-10-19,Monterey Bay,CS Switchbacks,"4,150",https://fbref.com/en/matches/1dfbbf6b/Monterey-Bay-Colorado-Springs-Switchbacks-October-19-2024-USL-Championship
444,2024-10-19,Orange County,New Mexico Utd,"4,675",https://fbref.com/en/matches/a0f2a0f2/Orange-County-SC-New-Mexico-United-October-19-2024-USL-Championship
445,2024-10-19,San Antonio,Louisville City,"7,199",https://fbref.com/en/matches/88e0cc3f/San-Antonio-FC-Louisville-City-October-19-2024-USL-Championship
446,2024-10-19,LV Lights FC,Roots,"2,878",https://fbref.com/en/matches/98dc71c9/Las-Vegas-Lights-FC-Oakland-Roots-October-19-2024-USL-Championship
447,2024-10-19,Phx Rising,Memphis,"7,378",https://fbref.com/en/matches/ccecd6f5/Phoenix-Rising-Memphis-901-October-19-2024-USL-Championship
448,2024-10-19,El Paso,Sac Republic,"6,376",https://fbref.com/en/matches/3025f7b6/El-Paso-Locomotive-Sacramento-Republic-October-19-2024-USL-Championship
449,,,,,
450,2024-10-23,TB Rowdies,Hartford,223,https://fbref.com/en/matches/dc195a7b/Tampa-Bay-Rowdies-Hartford-Athletic-October-23-2024-USL-Championship
451,,,,,
452,2024-10-26,Charleston,Loudoun Utd,"3,486",https://fbref.com/en/matches/a5e9c2e9/Charleston-Battery-Loudoun-United-October-26-2024-USL-Championship
453,2024-10-26,North Carolina,LV Lights FC,,https://fbref.com/en/matches/d49323db/North-Carolina-FC-Las-Vegas-Lights-FC-October-26-2024-USL-Championship
454,2024-10-26,Pittsburgh,El Paso,,https://fbref.com/en/matches/f7f69635/Pittsburgh-Riverhounds-El-Paso-Locomotive-October-26-2024-USL-Championship
455,2024-10-26,TB Rowdies,Indy Eleven,496,https://fbref.com/en/matches/384fa2eb/Tampa-Bay-Rowdies-Indy-Eleven-October-26-2024-USL-Championship
456,2024-10-26,Louisville City,Phx Rising,"10,187",https://fbref.com/en/matches/78d8371c/Louisville-City-Phoenix-Rising-October-26-2024-USL-Championship
457,2024-10-26,New Mexico Utd,Memphis,"10,220",https://fbref.com/en/matches/294729f2/New-Mexico-United-Memphis-901-October-26-2024-USL-Championship
458,2024-10-26,Roots,B'ham Legion,"4,995",https://fbref.com/en/matches/246abe59/Oakland-Roots-Birmingham-Legion-October-26-2024-USL-Championship
459,2024-10-26,Sac Republic,CS Switchbacks,"11,569",https://fbref.com/en/matches/5f2ae4df/Sacramento-Republic-Colorado-Springs-Switchbacks-October-26-2024-USL-Championship
460,2024-10-26,FC Tulsa,Monterey Bay,"3,762",https://fbref.com/en/matches/77607976/FC-Tulsa-Monterey-Bay-October-26-2024-USL-Championship
461,Date,Home,Away,Attendance,
462,2024-10-26,Orange County,Hartford,"4,729",https://fbref.com/en/matches/c2fd4f36/Orange-County-SC-Hartford-Athletic-October-26-2024-USL-Championship
463,2024-10-26,San Antonio,Detroit City,"7,066",https://fbref.com/en/matches/0cc0f948/San-Antonio-FC-Detroit-City-October-26-2024-USL-Championship
464,2024-10-26,Rhode Island FC,Miami FC,"5,252",https://fbref.com/en/matches/54afb025/Rhode-Island-FC-Miami-FC-October-26-2024-USL-Championship
465,,,,,
466,2024-11-02,Memphis,Orange County,"3,014",https://fbref.com/en/matches/2a6a3d00/Memphis-901-Orange-County-SC-November-2-2024-USL-Championship
467,2024-11-02,Charleston,Pittsburgh,"4,287",https://fbref.com/en/matches/b9662b4f/Charleston-Battery-Pittsburgh-Riverhounds-November-2-2024-USL-Championship
468,2024-11-02,Detroit City,TB Rowdies,"7,183",https://fbref.com/en/matches/98596405/Detroit-City-Tampa-Bay-Rowdies-November-2-2024-USL-Championship
469,2024-11-02,Louisville City,North Carolina,"8,875",https://fbref.com/en/matches/19ced206/Louisville-City-North-Carolina-FC-November-2-2024-USL-Championship
470,2024-11-01,LV Lights FC,Sac Republic,"2,415",https://fbref.com/en/matches/57e17a9f/Las-Vegas-Lights-FC-Sacramento-Republic-November-1-2024-USL-Championship
471,2024-11-03,Indy Eleven,Rhode Island FC,"7,623",https://fbref.com/en/matches/3814aa2a/Indy-Eleven-Rhode-Island-FC-November-3-2024-USL-Championship
472,2024-11-02,CS Switchbacks,Roots,"7,463",https://fbref.com/en/matches/19b244e2/Colorado-Springs-Switchbacks-Oakland-Roots-November-2-2024-USL-Championship
473,2024-11-03,New Mexico Utd,Phx Rising,"11,447",https://fbref.com/en/matches/48507e69/New-Mexico-United-Phoenix-Rising-November-3-2024-USL-Championship
474,2024-11-10,Charleston,TB Rowdies,"5,079",https://fbref.com/en/matches/bb117e96/Charleston-Battery-Tampa-Bay-Rowdies-November-10-2024-USL-Championship
475,2024-11-10,CS Switchbacks,Orange County,"7,236",https://fbref.com/en/matches/badfb1f0/Colorado-Springs-Switchbacks-Orange-County-SC-November-10-2024-USL-Championship
476,2024-11-09,New Mexico Utd,LV Lights FC,"10,049",https://fbref.com/en/matches/81ef295b/New-Mexico-United-Las-Vegas-Lights-FC-November-9-2024-USL-Championship
477,2024-11-09,Louisville City,Rhode Island FC,"9,510",https://fbref.com/en/matches/ed4f855d/Louisville-City-Rhode-Island-FC-November-9-2024-USL-Championship
478,2024-11-16,CS Switchbacks,LV Lights FC,"8,023",https://fbref.com/en/matches/3b0002a7/Colorado-Springs-Switchbacks-Las-Vegas-Lights-FC-November-16-2024-USL-Championship
479,2024-11-16,Charleston,Rhode Island FC,"5,087",https://fbref.com/en/matches/fed344a7/Charleston-Battery-Rhode-Island-FC-November-16-2024-USL-Championship
480,2024-11-23,CS Switchbacks,Rhode Island FC,"8,023",https://fbref.com/en/matches/9eb36741/Colorado-Springs-Switchbacks-Rhode-Island-FC-November-23-2024-USL-Championship
